id,image_name,product_name,mantle_sku
82_hires,82_hires.png,82,PKM-ex1-82-NM-F
82_hires,82_hires_warped.png,82,PKM-ex1-82-NM-F
82_hires,82_hires.png,82,PKM-ex1-82-NM
82_hires,82_hires_warped.png,82,PKM-ex1-82-NM
93_hires,93_hires.png,93,PKM-ex1-93-NM
93_hires,93_hires_warped.png,93,PKM-ex1-93-NM
93_hires,93_hires.png,93,PKM-ex1-93-NM-F
93_hires,93_hires_warped.png,93,PKM-ex1-93-NM-F
90_hires,90_hires.png,90,PKM-ex1-90-NM-F
90_hires,90_hires_warped.png,90,PKM-ex1-90-NM-F
90_hires,90_hires.png,90,PKM-ex1-90-NM
90_hires,90_hires_warped.png,90,PKM-ex1-90-NM
105_hires,105_hires.png,105,PKM-ex1-105-NM-F
105_hires,105_hires_warped.png,105,PKM-ex1-105-NM-F
104_hires,104_hires.png,104,PKM-ex1-104-NM
104_hires,104_hires_warped.png,104,PKM-ex1-104-NM
92_hires,92_hires.png,92,PKM-ex1-92-NM
92_hires,92_hires_warped.png,92,PKM-ex1-92-NM
104_hires,104_hires.png,104,PKM-ex1-104-NM-F
104_hires,104_hires_warped.png,104,PKM-ex1-104-NM-F
91_hires,91_hires.png,91,PKM-ex1-91-NM
91_hires,91_hires_warped.png,91,PKM-ex1-91-NM
91_hires,91_hires.png,91,PKM-ex1-91-NM-F
91_hires,91_hires_warped.png,91,PKM-ex1-91-NM-F
105_hires,105_hires.png,105,PKM-ex1-105-NM
105_hires,105_hires_warped.png,105,PKM-ex1-105-NM
109_hires,109_hires.png,109,PKM-ex1-109-NM-F
109_hires,109_hires_warped.png,109,PKM-ex1-109-NM-F
109_hires,109_hires.png,109,PKM-ex1-109-NM
109_hires,109_hires_warped.png,109,PKM-ex1-109-NM
137_hires,137_hires.png,137,PKM-swsh10-137-NM
137_hires,137_hires_warped.png,137,PKM-swsh10-137-NM
137_hires,137_hires.png,137,PKM-swsh10-137-NM-F
137_hires,137_hires_warped.png,137,PKM-swsh10-137-NM-F
159_hires,159_hires.png,159,PKM-swsh10-159-NM
159_hires,159_hires_warped.png,159,PKM-swsh10-159-NM
159_hires,159_hires.png,159,PKM-swsh10-159-NM-F
159_hires,159_hires_warped.png,159,PKM-swsh10-159-NM-F
177_hires,177_hires.png,177,PKM-sv1-177-NM
177_hires,177_hires_warped.png,177,PKM-sv1-177-NM
177_hires,177_hires.png,177,PKM-sv1-177-NM-F
177_hires,177_hires_warped.png,177,PKM-sv1-177-NM-F
101_hires,101_hires.png,101,PKM-ex1-101-NM
101_hires,101_hires_warped.png,101,PKM-ex1-101-NM
96_hires,96_hires.png,96,PKM-ex1-96-NM-F
96_hires,96_hires_warped.png,96,PKM-ex1-96-NM-F
176_hires,176_hires.png,176,PKM-sv1-176-NM
176_hires,176_hires_warped.png,176,PKM-sv1-176-NM
176_hires,176_hires.png,176,PKM-sv1-176-NM-F
176_hires,176_hires_warped.png,176,PKM-sv1-176-NM-F
184_hires,184_hires.png,184,PKM-sv1-184-NM
184_hires,184_hires_warped.png,184,PKM-sv1-184-NM
184_hires,184_hires.png,184,PKM-sv1-184-NM-F
184_hires,184_hires_warped.png,184,PKM-sv1-184-NM-F
183_hires,183_hires.png,183,PKM-sv1-183-NM
183_hires,183_hires_warped.png,183,PKM-sv1-183-NM
183_hires,183_hires.png,183,PKM-sv1-183-NM-F
183_hires,183_hires_warped.png,183,PKM-sv1-183-NM-F
237_hires,237_hires.png,237,PKM-sv1-237-NM
237_hires,237_hires_warped.png,237,PKM-sv1-237-NM
237_hires,237_hires.png,237,PKM-sv1-237-NM-F
237_hires,237_hires_warped.png,237,PKM-sv1-237-NM-F
100_hires,100_hires.png,100,PKM-ex1-100-NM
100_hires,100_hires_warped.png,100,PKM-ex1-100-NM
100_hires,100_hires.png,100,PKM-ex1-100-NM-F
100_hires,100_hires_warped.png,100,PKM-ex1-100-NM-F
99_hires,99_hires.png,99,PKM-ex1-99-NM-F
99_hires,99_hires_warped.png,99,PKM-ex1-99-NM-F
99_hires,99_hires.png,99,PKM-ex1-99-NM
99_hires,99_hires_warped.png,99,PKM-ex1-99-NM
102_hires,102_hires.png,102,PKM-ex1-102-NM-F
102_hires,102_hires_warped.png,102,PKM-ex1-102-NM-F
102_hires,102_hires.png,102,PKM-ex1-102-NM
102_hires,102_hires_warped.png,102,PKM-ex1-102-NM
182_hires,182_hires.png,182,PKM-sv1-182-NM
182_hires,182_hires_warped.png,182,PKM-sv1-182-NM
182_hires,182_hires.png,182,PKM-sv1-182-NM-F
182_hires,182_hires_warped.png,182,PKM-sv1-182-NM-F
180_hires,180_hires.png,180,PKM-sv1-180-NM
180_hires,180_hires_warped.png,180,PKM-sv1-180-NM
180_hires,180_hires.png,180,PKM-sv1-180-NM-F
180_hires,180_hires_warped.png,180,PKM-sv1-180-NM-F
103_hires,103_hires.png,103,PKM-ex1-103-NM
103_hires,103_hires_warped.png,103,PKM-ex1-103-NM
103_hires,103_hires.png,103,PKM-ex1-103-NM-F
103_hires,103_hires_warped.png,103,PKM-ex1-103-NM-F
101_hires,101_hires.png,101,PKM-ex1-101-NM-F
101_hires,101_hires_warped.png,101,PKM-ex1-101-NM-F
98_hires,98_hires.png,98,PKM-ex1-98-NM
98_hires,98_hires_warped.png,98,PKM-ex1-98-NM
98_hires,98_hires.png,98,PKM-ex1-98-NM-F
98_hires,98_hires_warped.png,98,PKM-ex1-98-NM-F
173_hires,173_hires.png,173,PKM-sv1-173-NM
173_hires,173_hires_warped.png,173,PKM-sv1-173-NM
173_hires,173_hires.png,173,PKM-sv1-173-NM-F
173_hires,173_hires_warped.png,173,PKM-sv1-173-NM-F
67_hires,67_hires.png,67,PKM-pgo-67-NM-F
67_hires,67_hires_warped.png,67,PKM-pgo-67-NM-F
109_hires,109_hires.png,109,PKM-ex7-109-NM
109_hires,109_hires_warped.png,109,PKM-ex7-109-NM
109_hires,109_hires.png,109,PKM-ex7-109-NM-F
109_hires,109_hires_warped.png,109,PKM-ex7-109-NM-F
71_hires,71_hires.png,71,PKM-ecard3-71-NM-F
71_hires,71_hires_warped.png,71,PKM-ecard3-71-NM-F
85_hires,85_hires.png,85,PKM-ecard3-85-NM-F
85_hires,85_hires_warped.png,85,PKM-ecard3-85-NM-F
69_hires,69_hires.png,69,PKM-ecard3-69-NM
69_hires,69_hires_warped.png,69,PKM-ecard3-69-NM
64_hires,64_hires.png,64,PKM-ecard3-64-NM
64_hires,64_hires_warped.png,64,PKM-ecard3-64-NM
18_hires,18_hires.png,18,PKM-sv8-18-NM-F
18_hires,18_hires_warped.png,18,PKM-sv8-18-NM-F
18_hires,18_hires.png,18,PKM-sv8-18-NM
18_hires,18_hires_warped.png,18,PKM-sv8-18-NM
79_hires,79_hires.png,79,PKM-ecard3-79-NM-F
79_hires,79_hires_warped.png,79,PKM-ecard3-79-NM-F
78_hires,78_hires.png,78,PKM-ecard3-78-NM-F
78_hires,78_hires_warped.png,78,PKM-ecard3-78-NM-F
98_hires,98_hires.png,98,PKM-ecard3-98-NM
98_hires,98_hires_warped.png,98,PKM-ecard3-98-NM
71_hires,71_hires.png,71,PKM-swsh11-71-NM
71_hires,71_hires_warped.png,71,PKM-swsh11-71-NM
65_hires,65_hires.png,65,PKM-ecard3-65-NM-F
65_hires,65_hires_warped.png,65,PKM-ecard3-65-NM-F
65_hires,65_hires.png,65,PKM-ecard3-65-NM
65_hires,65_hires_warped.png,65,PKM-ecard3-65-NM
60_hires,60_hires.png,60,PKM-ecard3-60-NM
60_hires,60_hires_warped.png,60,PKM-ecard3-60-NM
60_hires,60_hires.png,60,PKM-ecard3-60-NM-F
60_hires,60_hires_warped.png,60,PKM-ecard3-60-NM-F
86_hires,86_hires.png,86,PKM-ecard3-86-NM-F
86_hires,86_hires_warped.png,86,PKM-ecard3-86-NM-F
86_hires,86_hires.png,86,PKM-ecard3-86-NM
86_hires,86_hires_warped.png,86,PKM-ecard3-86-NM
73_hires,73_hires.png,73,PKM-ecard3-73-NM
73_hires,73_hires_warped.png,73,PKM-ecard3-73-NM
92_hires,92_hires.png,92,PKM-ecard3-92-NM-F
92_hires,92_hires_warped.png,92,PKM-ecard3-92-NM-F
92_hires,92_hires.png,92,PKM-ecard3-92-NM
92_hires,92_hires_warped.png,92,PKM-ecard3-92-NM
73_hires,73_hires.png,73,PKM-ecard3-73-NM-F
73_hires,73_hires_warped.png,73,PKM-ecard3-73-NM-F
70_hires,70_hires.png,70,PKM-ecard3-70-NM-F
70_hires,70_hires_warped.png,70,PKM-ecard3-70-NM-F
87_hires,87_hires.png,87,PKM-ecard3-87-NM-F
87_hires,87_hires_warped.png,87,PKM-ecard3-87-NM-F
SM177_hires,SM177_hires.png,SM177,PKM-smp-SM177-NM
SM177_hires,SM177_hires_warped.png,SM177,PKM-smp-SM177-NM
SM225_hires,SM225_hires.png,SM225,PKM-smp-SM225-NM-F
SM225_hires,SM225_hires_warped.png,SM225,PKM-smp-SM225-NM-F
SM224_hires,SM224_hires.png,SM224,PKM-smp-SM224-NM
SM224_hires,SM224_hires_warped.png,SM224,PKM-smp-SM224-NM
214_hires,214_hires.png,214,PKM-sv8-214-NM
214_hires,214_hires_warped.png,214,PKM-sv8-214-NM
138_hires,138_hires.png,138,PKM-swsh11-138-NM-F
138_hires,138_hires_warped.png,138,PKM-swsh11-138-NM-F
80_hires,80_hires.png,80,PKM-swsh11-80-NM
80_hires,80_hires_warped.png,80,PKM-swsh11-80-NM
193_hires,193_hires.png,193,PKM-swsh11-193-NM
193_hires,193_hires_warped.png,193,PKM-swsh11-193-NM
5_hires,5_hires.png,5,PKM-sv8pt5-5-NM-F
5_hires,5_hires_warped.png,5,PKM-sv8pt5-5-NM-F
91_hires,91_hires.png,91,PKM-ecard3-91-NM-F
91_hires,91_hires_warped.png,91,PKM-ecard3-91-NM-F
68_hires,68_hires.png,68,PKM-ecard3-68-NM
68_hires,68_hires_warped.png,68,PKM-ecard3-68-NM
68_hires,68_hires.png,68,PKM-ecard3-68-NM-F
68_hires,68_hires_warped.png,68,PKM-ecard3-68-NM-F
87_hires,87_hires.png,87,PKM-ecard3-87-NM
87_hires,87_hires_warped.png,87,PKM-ecard3-87-NM
76_hires,76_hires.png,76,PKM-ecard3-76-NM
76_hires,76_hires_warped.png,76,PKM-ecard3-76-NM
76_hires,76_hires.png,76,PKM-ecard3-76-NM-F
76_hires,76_hires_warped.png,76,PKM-ecard3-76-NM-F
81_hires,81_hires.png,81,PKM-ecard3-81-NM
81_hires,81_hires_warped.png,81,PKM-ecard3-81-NM
91_hires,91_hires.png,91,PKM-ecard3-91-NM
91_hires,91_hires_warped.png,91,PKM-ecard3-91-NM
75_hires,75_hires.png,75,PKM-ecard3-75-NM-F
75_hires,75_hires_warped.png,75,PKM-ecard3-75-NM-F
75_hires,75_hires.png,75,PKM-ecard3-75-NM
75_hires,75_hires_warped.png,75,PKM-ecard3-75-NM
61_hires,61_hires.png,61,PKM-ecard3-61-NM-F
61_hires,61_hires_warped.png,61,PKM-ecard3-61-NM-F
61_hires,61_hires.png,61,PKM-ecard3-61-NM
61_hires,61_hires_warped.png,61,PKM-ecard3-61-NM
88_hires,88_hires.png,88,PKM-ecard3-88-NM
88_hires,88_hires_warped.png,88,PKM-ecard3-88-NM
74_hires,74_hires.png,74,PKM-ecard3-74-NM-F
74_hires,74_hires_warped.png,74,PKM-ecard3-74-NM-F
74_hires,74_hires.png,74,PKM-ecard3-74-NM
74_hires,74_hires_warped.png,74,PKM-ecard3-74-NM
81_hires,81_hires.png,81,PKM-ecard3-81-NM-F
81_hires,81_hires_warped.png,81,PKM-ecard3-81-NM-F
117_hires,117_hires.png,117,PKM-ecard3-117-NM-F
117_hires,117_hires_warped.png,117,PKM-ecard3-117-NM-F
79_hires,79_hires.png,79,PKM-ecard3-79-NM
79_hires,79_hires_warped.png,79,PKM-ecard3-79-NM
67_hires,67_hires.png,67,PKM-ecard3-67-NM
67_hires,67_hires_warped.png,67,PKM-ecard3-67-NM
80_hires,80_hires.png,80,PKM-ecard3-80-NM-F
80_hires,80_hires_warped.png,80,PKM-ecard3-80-NM-F
80_hires,80_hires.png,80,PKM-ecard3-80-NM
80_hires,80_hires_warped.png,80,PKM-ecard3-80-NM
82_hires,82_hires.png,82,PKM-ecard3-82-NM
82_hires,82_hires_warped.png,82,PKM-ecard3-82-NM
69_hires,69_hires.png,69,PKM-ecard3-69-NM-F
69_hires,69_hires_warped.png,69,PKM-ecard3-69-NM-F
72_hires,72_hires.png,72,PKM-ecard3-72-NM
72_hires,72_hires_warped.png,72,PKM-ecard3-72-NM
72_hires,72_hires.png,72,PKM-ecard3-72-NM-F
72_hires,72_hires_warped.png,72,PKM-ecard3-72-NM-F
82_hires,82_hires.png,82,PKM-ecard3-82-NM-F
82_hires,82_hires_warped.png,82,PKM-ecard3-82-NM-F
90_hires,90_hires.png,90,PKM-ecard3-90-NM
90_hires,90_hires_warped.png,90,PKM-ecard3-90-NM
90_hires,90_hires.png,90,PKM-ecard3-90-NM-F
90_hires,90_hires_warped.png,90,PKM-ecard3-90-NM-F
67_hires,67_hires.png,67,PKM-ecard3-67-NM-F
67_hires,67_hires_warped.png,67,PKM-ecard3-67-NM-F
77_hires,77_hires.png,77,PKM-ecard3-77-NM
77_hires,77_hires_warped.png,77,PKM-ecard3-77-NM
77_hires,77_hires.png,77,PKM-ecard3-77-NM-F
77_hires,77_hires_warped.png,77,PKM-ecard3-77-NM-F
88_hires,88_hires.png,88,PKM-ecard3-88-NM-F
88_hires,88_hires_warped.png,88,PKM-ecard3-88-NM-F
84_hires,84_hires.png,84,PKM-ecard3-84-NM
84_hires,84_hires_warped.png,84,PKM-ecard3-84-NM
84_hires,84_hires.png,84,PKM-ecard3-84-NM-F
84_hires,84_hires_warped.png,84,PKM-ecard3-84-NM-F
70_hires,70_hires.png,70,PKM-ecard3-70-NM
70_hires,70_hires_warped.png,70,PKM-ecard3-70-NM
89_hires,89_hires.png,89,PKM-ecard3-89-NM-F
89_hires,89_hires_warped.png,89,PKM-ecard3-89-NM-F
85_hires,85_hires.png,85,PKM-swsh11-85-NM-F
85_hires,85_hires_warped.png,85,PKM-swsh11-85-NM-F
89_hires,89_hires.png,89,PKM-ecard3-89-NM
89_hires,89_hires_warped.png,89,PKM-ecard3-89-NM
108_hires,108_hires.png,108,PKM-ecard3-108-NM
108_hires,108_hires_warped.png,108,PKM-ecard3-108-NM
108_hires,108_hires.png,108,PKM-ecard3-108-NM-F
108_hires,108_hires_warped.png,108,PKM-ecard3-108-NM-F
107_hires,107_hires.png,107,PKM-ecard3-107-NM
107_hires,107_hires_warped.png,107,PKM-ecard3-107-NM
107_hires,107_hires.png,107,PKM-ecard3-107-NM-F
107_hires,107_hires_warped.png,107,PKM-ecard3-107-NM-F
96_hires,96_hires.png,96,PKM-ecard3-96-NM-F
96_hires,96_hires_warped.png,96,PKM-ecard3-96-NM-F
98_hires,98_hires.png,98,PKM-ecard3-98-NM-F
98_hires,98_hires_warped.png,98,PKM-ecard3-98-NM-F
96_hires,96_hires.png,96,PKM-ecard3-96-NM
96_hires,96_hires_warped.png,96,PKM-ecard3-96-NM
112_hires,112_hires.png,112,PKM-ecard3-112-NM-F
112_hires,112_hires_warped.png,112,PKM-ecard3-112-NM-F
95_hires,95_hires.png,95,PKM-ecard3-95-NM
95_hires,95_hires_warped.png,95,PKM-ecard3-95-NM
95_hires,95_hires.png,95,PKM-ecard3-95-NM-F
95_hires,95_hires_warped.png,95,PKM-ecard3-95-NM-F
112_hires,112_hires.png,112,PKM-ecard3-112-NM
112_hires,112_hires_warped.png,112,PKM-ecard3-112-NM
116_hires,116_hires.png,116,PKM-ecard3-116-NM-F
116_hires,116_hires_warped.png,116,PKM-ecard3-116-NM-F
116_hires,116_hires.png,116,PKM-ecard3-116-NM
116_hires,116_hires_warped.png,116,PKM-ecard3-116-NM
117_hires,117_hires.png,117,PKM-ecard3-117-NM
117_hires,117_hires_warped.png,117,PKM-ecard3-117-NM
106_hires,106_hires.png,106,PKM-ecard3-106-NM
106_hires,106_hires_warped.png,106,PKM-ecard3-106-NM
106_hires,106_hires.png,106,PKM-ecard3-106-NM-F
106_hires,106_hires_warped.png,106,PKM-ecard3-106-NM-F
103_hires,103_hires.png,103,PKM-ecard3-103-NM
103_hires,103_hires_warped.png,103,PKM-ecard3-103-NM
103_hires,103_hires.png,103,PKM-ecard3-103-NM-F
103_hires,103_hires_warped.png,103,PKM-ecard3-103-NM-F
93_hires,93_hires.png,93,PKM-ecard3-93-NM
93_hires,93_hires_warped.png,93,PKM-ecard3-93-NM
93_hires,93_hires.png,93,PKM-ecard3-93-NM-F
93_hires,93_hires_warped.png,93,PKM-ecard3-93-NM-F
94_hires,94_hires.png,94,PKM-ecard3-94-NM
94_hires,94_hires_warped.png,94,PKM-ecard3-94-NM
94_hires,94_hires.png,94,PKM-ecard3-94-NM-F
94_hires,94_hires_warped.png,94,PKM-ecard3-94-NM-F
114_hires,114_hires.png,114,PKM-ecard3-114-NM-F
114_hires,114_hires_warped.png,114,PKM-ecard3-114-NM-F
114_hires,114_hires.png,114,PKM-ecard3-114-NM
114_hires,114_hires_warped.png,114,PKM-ecard3-114-NM
102_hires,102_hires.png,102,PKM-ecard3-102-NM
102_hires,102_hires_warped.png,102,PKM-ecard3-102-NM
102_hires,102_hires.png,102,PKM-ecard3-102-NM-F
102_hires,102_hires_warped.png,102,PKM-ecard3-102-NM-F
101_hires,101_hires.png,101,PKM-swsh11-101-NM-F
101_hires,101_hires_warped.png,101,PKM-swsh11-101-NM-F
115_hires,115_hires.png,115,PKM-ecard3-115-NM
115_hires,115_hires_warped.png,115,PKM-ecard3-115-NM
115_hires,115_hires.png,115,PKM-ecard3-115-NM-F
115_hires,115_hires_warped.png,115,PKM-ecard3-115-NM-F
105_hires,105_hires.png,105,PKM-ecard3-105-NM
105_hires,105_hires_warped.png,105,PKM-ecard3-105-NM
105_hires,105_hires.png,105,PKM-ecard3-105-NM-F
105_hires,105_hires_warped.png,105,PKM-ecard3-105-NM-F
104_hires,104_hires.png,104,PKM-ecard3-104-NM
104_hires,104_hires_warped.png,104,PKM-ecard3-104-NM
104_hires,104_hires.png,104,PKM-ecard3-104-NM-F
104_hires,104_hires_warped.png,104,PKM-ecard3-104-NM-F
99_hires,99_hires.png,99,PKM-ecard3-99-NM-F
99_hires,99_hires_warped.png,99,PKM-ecard3-99-NM-F
111_hires,111_hires.png,111,PKM-ecard3-111-NM
111_hires,111_hires_warped.png,111,PKM-ecard3-111-NM
97_hires,97_hires.png,97,PKM-ecard3-97-NM
97_hires,97_hires_warped.png,97,PKM-ecard3-97-NM
97_hires,97_hires.png,97,PKM-ecard3-97-NM-F
97_hires,97_hires_warped.png,97,PKM-ecard3-97-NM-F
110_hires,110_hires.png,110,PKM-ecard3-110-NM-F
110_hires,110_hires_warped.png,110,PKM-ecard3-110-NM-F
110_hires,110_hires.png,110,PKM-ecard3-110-NM
110_hires,110_hires_warped.png,110,PKM-ecard3-110-NM
101_hires,101_hires.png,101,PKM-ecard3-101-NM-F
101_hires,101_hires_warped.png,101,PKM-ecard3-101-NM-F
101_hires,101_hires.png,101,PKM-ecard3-101-NM
101_hires,101_hires_warped.png,101,PKM-ecard3-101-NM
113_hires,113_hires.png,113,PKM-ecard3-113-NM
113_hires,113_hires_warped.png,113,PKM-ecard3-113-NM
113_hires,113_hires.png,113,PKM-ecard3-113-NM-F
113_hires,113_hires_warped.png,113,PKM-ecard3-113-NM-F
118_hires,118_hires.png,118,PKM-ecard3-118-NM-F
118_hires,118_hires_warped.png,118,PKM-ecard3-118-NM-F
118_hires,118_hires.png,118,PKM-ecard3-118-NM
118_hires,118_hires_warped.png,118,PKM-ecard3-118-NM
111_hires,111_hires.png,111,PKM-ecard3-111-NM-F
111_hires,111_hires_warped.png,111,PKM-ecard3-111-NM-F
109_hires,109_hires.png,109,PKM-ecard3-109-NM
109_hires,109_hires_warped.png,109,PKM-ecard3-109-NM
109_hires,109_hires.png,109,PKM-ecard3-109-NM-F
109_hires,109_hires_warped.png,109,PKM-ecard3-109-NM-F
89_hires,89_hires.png,89,PKM-dp5-89-NM-F
89_hires,89_hires_warped.png,89,PKM-dp5-89-NM-F
89_hires,89_hires.png,89,PKM-dp5-89-NM
89_hires,89_hires_warped.png,89,PKM-dp5-89-NM
19_hires,19_hires.png,19,PKM-sv8-19-NM-F
19_hires,19_hires_warped.png,19,PKM-sv8-19-NM-F
19_hires,19_hires.png,19,PKM-sv8-19-NM
19_hires,19_hires_warped.png,19,PKM-sv8-19-NM
95_hires,95_hires.png,95,PKM-ex2-95-NM
95_hires,95_hires_warped.png,95,PKM-ex2-95-NM
101_hires,101_hires.png,101,PKM-xy9-101-NM
101_hires,101_hires_warped.png,101,PKM-xy9-101-NM
101_hires,101_hires.png,101,PKM-xy9-101-NM-F
101_hires,101_hires_warped.png,101,PKM-xy9-101-NM-F
107_hires,107_hires.png,107,PKM-xy9-107-NM
107_hires,107_hires_warped.png,107,PKM-xy9-107-NM
107_hires,107_hires.png,107,PKM-xy9-107-NM-F
107_hires,107_hires_warped.png,107,PKM-xy9-107-NM-F
113_hires,113_hires.png,113,PKM-xy9-113-NM-F
113_hires,113_hires_warped.png,113,PKM-xy9-113-NM-F
113_hires,113_hires.png,113,PKM-xy9-113-NM
113_hires,113_hires_warped.png,113,PKM-xy9-113-NM
90_hires,90_hires.png,90,PKM-xy9-90-NM-F
90_hires,90_hires_warped.png,90,PKM-xy9-90-NM-F
99_hires,99_hires.png,99,PKM-xy9-99-NM-F
99_hires,99_hires_warped.png,99,PKM-xy9-99-NM-F
99_hires,99_hires.png,99,PKM-xy9-99-NM
99_hires,99_hires_warped.png,99,PKM-xy9-99-NM
91_hires,91_hires.png,91,PKM-xy9-91-NM
91_hires,91_hires_warped.png,91,PKM-xy9-91-NM
91_hires,91_hires.png,91,PKM-xy9-91-NM-F
91_hires,91_hires_warped.png,91,PKM-xy9-91-NM-F
21_hires,21_hires.png,21,PKM-sv8-21-NM-F
21_hires,21_hires_warped.png,21,PKM-sv8-21-NM-F
21_hires,21_hires.png,21,PKM-sv8-21-NM
21_hires,21_hires_warped.png,21,PKM-sv8-21-NM
39_hires,39_hires.png,39,PKM-sv8-39-NM-F
39_hires,39_hires_warped.png,39,PKM-sv8-39-NM-F
39_hires,39_hires.png,39,PKM-sv8-39-NM
39_hires,39_hires_warped.png,39,PKM-sv8-39-NM
98_hires,98_hires.png,98,PKM-xy9-98-NM-F
98_hires,98_hires_warped.png,98,PKM-xy9-98-NM-F
98_hires,98_hires.png,98,PKM-xy9-98-NM
98_hires,98_hires_warped.png,98,PKM-xy9-98-NM
104_hires,104_hires.png,104,PKM-xy9-104-NM
104_hires,104_hires_warped.png,104,PKM-xy9-104-NM
104_hires,104_hires.png,104,PKM-xy9-104-NM-F
104_hires,104_hires_warped.png,104,PKM-xy9-104-NM-F
106_hires,106_hires.png,106,PKM-xy9-106-NM-F
106_hires,106_hires_warped.png,106,PKM-xy9-106-NM-F
106_hires,106_hires.png,106,PKM-xy9-106-NM
106_hires,106_hires_warped.png,106,PKM-xy9-106-NM
155_hires,155_hires.png,155,PKM-swsh11-155-NM-F
155_hires,155_hires_warped.png,155,PKM-swsh11-155-NM-F
107a_hires,107a_hires.png,107a,PKM-xy9-107a-NM
107a_hires,107a_hires_warped.png,107a,PKM-xy9-107a-NM
107a_hires,107a_hires.png,107a,PKM-xy9-107a-NM-F
107a_hires,107a_hires_warped.png,107a,PKM-xy9-107a-NM-F
155_hires,155_hires.png,155,PKM-swsh11-155-NM
155_hires,155_hires_warped.png,155,PKM-swsh11-155-NM
114_hires,114_hires.png,114,PKM-swsh11-114-NM-F
114_hires,114_hires_warped.png,114,PKM-swsh11-114-NM-F
161_hires,161_hires.png,161,PKM-swsh11-161-NM-F
161_hires,161_hires_warped.png,161,PKM-swsh11-161-NM-F
22_hires,22_hires.png,22,PKM-sv7-22-NM-F
22_hires,22_hires_warped.png,22,PKM-sv7-22-NM-F
10_hires,10_hires.png,10,PKM-sv6pt5-10-NM
10_hires,10_hires_warped.png,10,PKM-sv6pt5-10-NM
10_hires,10_hires.png,10,PKM-sv6pt5-10-NM-F
10_hires,10_hires_warped.png,10,PKM-sv6pt5-10-NM-F
34_hires,34_hires.png,34,PKM-pgo-34-NM-F
34_hires,34_hires_warped.png,34,PKM-pgo-34-NM-F
6_hires,6_hires.png,6,PKM-tk2b-6-NM
6_hires,6_hires_warped.png,6,PKM-tk2b-6-NM
3_hires,3_hires.png,3,PKM-sv6pt5-3-NM
3_hires,3_hires_warped.png,3,PKM-sv6pt5-3-NM
3_hires,3_hires.png,3,PKM-sv6pt5-3-NM-F
3_hires,3_hires_warped.png,3,PKM-sv6pt5-3-NM-F
53_hires,53_hires.png,53,PKM-sv6pt5-53-NM
53_hires,53_hires_warped.png,53,PKM-sv6pt5-53-NM
107_hires,107_hires.png,107,PKM-sv8-107-NM
107_hires,107_hires_warped.png,107,PKM-sv8-107-NM
110_hires,110_hires.png,110,PKM-sv8-110-NM-F
110_hires,110_hires_warped.png,110,PKM-sv8-110-NM-F
110_hires,110_hires.png,110,PKM-sv8-110-NM
110_hires,110_hires_warped.png,110,PKM-sv8-110-NM
116_hires,116_hires.png,116,PKM-sv8-116-NM-F
116_hires,116_hires_warped.png,116,PKM-sv8-116-NM-F
37_hires,37_hires.png,37,PKM-sv7-37-NM-F
37_hires,37_hires_warped.png,37,PKM-sv7-37-NM-F
4_hires,4_hires.png,4,PKM-sv6pt5-4-NM
4_hires,4_hires_warped.png,4,PKM-sv6pt5-4-NM
4_hires,4_hires.png,4,PKM-sv6pt5-4-NM-F
4_hires,4_hires_warped.png,4,PKM-sv6pt5-4-NM-F
27_hires,27_hires.png,27,PKM-sv6pt5-27-NM
27_hires,27_hires_warped.png,27,PKM-sv6pt5-27-NM
27_hires,27_hires.png,27,PKM-sv6pt5-27-NM-F
27_hires,27_hires_warped.png,27,PKM-sv6pt5-27-NM-F
13_hires,13_hires.png,13,PKM-sv6pt5-13-NM
13_hires,13_hires_warped.png,13,PKM-sv6pt5-13-NM
13_hires,13_hires.png,13,PKM-sv6pt5-13-NM-F
13_hires,13_hires_warped.png,13,PKM-sv6pt5-13-NM-F
8_hires,8_hires.png,8,PKM-sv6pt5-8-NM
8_hires,8_hires_warped.png,8,PKM-sv6pt5-8-NM
8_hires,8_hires.png,8,PKM-sv6pt5-8-NM-F
8_hires,8_hires_warped.png,8,PKM-sv6pt5-8-NM-F
1_hires,1_hires.png,1,PKM-sv6pt5-1-NM
1_hires,1_hires_warped.png,1,PKM-sv6pt5-1-NM
1_hires,1_hires.png,1,PKM-sv6pt5-1-NM-F
1_hires,1_hires_warped.png,1,PKM-sv6pt5-1-NM-F
11_hires,11_hires.png,11,PKM-sv8-11-NM
11_hires,11_hires_warped.png,11,PKM-sv8-11-NM
29_hires,29_hires.png,29,PKM-sv8-29-NM
29_hires,29_hires_warped.png,29,PKM-sv8-29-NM
25_hires,25_hires.png,25,PKM-sv8-25-NM
25_hires,25_hires_warped.png,25,PKM-sv8-25-NM
102_hires,102_hires.png,102,PKM-dp3-102-NM-F
102_hires,102_hires_warped.png,102,PKM-dp3-102-NM-F
141_hires,141_hires.png,141,PKM-swsh11-141-NM-F
141_hires,141_hires_warped.png,141,PKM-swsh11-141-NM-F
229_hires,229_hires.png,229,PKM-sv4-229-NM
229_hires,229_hires_warped.png,229,PKM-sv4-229-NM
170_hires,170_hires.png,170,PKM-swsh11-170-NM-F
170_hires,170_hires_warped.png,170,PKM-swsh11-170-NM-F
128_hires,128_hires.png,128,PKM-sv8-128-NM
128_hires,128_hires_warped.png,128,PKM-sv8-128-NM
67_hires,67_hires.png,67,PKM-sv8-67-NM-F
67_hires,67_hires_warped.png,67,PKM-sv8-67-NM-F
43_hires,43_hires.png,43,PKM-sv6pt5-43-NM
43_hires,43_hires_warped.png,43,PKM-sv6pt5-43-NM
43_hires,43_hires.png,43,PKM-sv6pt5-43-NM-F
43_hires,43_hires_warped.png,43,PKM-sv6pt5-43-NM-F
30_hires,30_hires.png,30,PKM-sv6pt5-30-NM
30_hires,30_hires_warped.png,30,PKM-sv6pt5-30-NM
30_hires,30_hires.png,30,PKM-sv6pt5-30-NM-F
30_hires,30_hires_warped.png,30,PKM-sv6pt5-30-NM-F
33_hires,33_hires.png,33,PKM-sv6pt5-33-NM
33_hires,33_hires_warped.png,33,PKM-sv6pt5-33-NM
33_hires,33_hires.png,33,PKM-sv6pt5-33-NM-F
33_hires,33_hires_warped.png,33,PKM-sv6pt5-33-NM-F
31_hires,31_hires.png,31,PKM-sv6pt5-31-NM
31_hires,31_hires_warped.png,31,PKM-sv6pt5-31-NM
31_hires,31_hires.png,31,PKM-sv6pt5-31-NM-F
31_hires,31_hires_warped.png,31,PKM-sv6pt5-31-NM-F
206_hires,206_hires.png,206,PKM-sv4-206-NM
206_hires,206_hires_warped.png,206,PKM-sv4-206-NM
52_hires,52_hires.png,52,PKM-sv6pt5-52-NM
52_hires,52_hires_warped.png,52,PKM-sv6pt5-52-NM
99_hires,99_hires.png,99,PKM-sv6pt5-99-NM
99_hires,99_hires_warped.png,99,PKM-sv6pt5-99-NM
99_hires,99_hires.png,99,PKM-sv6pt5-99-NM-F
99_hires,99_hires_warped.png,99,PKM-sv6pt5-99-NM-F
98_hires,98_hires.png,98,PKM-sv6pt5-98-NM
98_hires,98_hires_warped.png,98,PKM-sv6pt5-98-NM
98_hires,98_hires.png,98,PKM-sv6pt5-98-NM-F
98_hires,98_hires_warped.png,98,PKM-sv6pt5-98-NM-F
211_hires,211_hires.png,211,PKM-swsh11-211-NM-F
211_hires,211_hires_warped.png,211,PKM-swsh11-211-NM-F
211_hires,211_hires.png,211,PKM-swsh11-211-NM
211_hires,211_hires_warped.png,211,PKM-swsh11-211-NM
94_hires,94_hires.png,94,PKM-sv8-94-NM
94_hires,94_hires_warped.png,94,PKM-sv8-94-NM
99_hires,99_hires.png,99,PKM-sv8-99-NM-F
99_hires,99_hires_warped.png,99,PKM-sv8-99-NM-F
190_hires,190_hires.png,190,PKM-swsh11-190-NM-F
190_hires,190_hires_warped.png,190,PKM-swsh11-190-NM-F
190_hires,190_hires.png,190,PKM-swsh11-190-NM
190_hires,190_hires_warped.png,190,PKM-swsh11-190-NM
101_hires,101_hires.png,101,PKM-sv8-101-NM
101_hires,101_hires_warped.png,101,PKM-sv8-101-NM
111_hires,111_hires.png,111,PKM-dp3-111-NM-F
111_hires,111_hires_warped.png,111,PKM-dp3-111-NM-F
111_hires,111_hires.png,111,PKM-dp3-111-NM
111_hires,111_hires_warped.png,111,PKM-dp3-111-NM
113_hires,113_hires.png,113,PKM-dp3-113-NM
113_hires,113_hires_warped.png,113,PKM-dp3-113-NM
113_hires,113_hires.png,113,PKM-dp3-113-NM-F
113_hires,113_hires_warped.png,113,PKM-dp3-113-NM-F
150_hires,150_hires.png,150,PKM-sv8-150-NM
150_hires,150_hires_warped.png,150,PKM-sv8-150-NM
145_hires,145_hires.png,145,PKM-sv8-145-NM-F
145_hires,145_hires_warped.png,145,PKM-sv8-145-NM-F
153_hires,153_hires.png,153,PKM-sv8-153-NM-F
153_hires,153_hires_warped.png,153,PKM-sv8-153-NM-F
3_hires,3_hires.png,3,PKM-tk2b-3-NM-F
3_hires,3_hires_warped.png,3,PKM-tk2b-3-NM-F
3_hires,3_hires.png,3,PKM-tk2b-3-NM
3_hires,3_hires_warped.png,3,PKM-tk2b-3-NM
12_hires,12_hires.png,12,PKM-tk2b-12-NM
12_hires,12_hires_warped.png,12,PKM-tk2b-12-NM
12_hires,12_hires.png,12,PKM-tk2b-12-NM-F
12_hires,12_hires_warped.png,12,PKM-tk2b-12-NM-F
125_hires,125_hires.png,125,PKM-sv8-125-NM-F
125_hires,125_hires_warped.png,125,PKM-sv8-125-NM-F
125_hires,125_hires.png,125,PKM-sv8-125-NM
125_hires,125_hires_warped.png,125,PKM-sv8-125-NM
3_hires,3_hires.png,3,PKM-sv8-3-NM-F
3_hires,3_hires_warped.png,3,PKM-sv8-3-NM-F
3_hires,3_hires.png,3,PKM-sv8-3-NM
3_hires,3_hires_warped.png,3,PKM-sv8-3-NM
17_hires,17_hires.png,17,PKM-sv8-17-NM-F
17_hires,17_hires_warped.png,17,PKM-sv8-17-NM-F
17_hires,17_hires.png,17,PKM-sv8-17-NM
17_hires,17_hires_warped.png,17,PKM-sv8-17-NM
9_hires,9_hires.png,9,PKM-sv8-9-NM-F
9_hires,9_hires_warped.png,9,PKM-sv8-9-NM-F
9_hires,9_hires.png,9,PKM-sv8-9-NM
9_hires,9_hires_warped.png,9,PKM-sv8-9-NM
112_hires,112_hires.png,112,PKM-dp3-112-NM
112_hires,112_hires_warped.png,112,PKM-dp3-112-NM
112_hires,112_hires.png,112,PKM-dp3-112-NM-F
112_hires,112_hires_warped.png,112,PKM-dp3-112-NM-F
85_hires,85_hires.png,85,PKM-ecard3-85-NM
85_hires,85_hires_warped.png,85,PKM-ecard3-85-NM
SM135_hires,SM135_hires.png,SM135,PKM-smp-SM135-NM
SM135_hires,SM135_hires_warped.png,SM135,PKM-smp-SM135-NM
83_hires,83_hires.png,83,PKM-ecard3-83-NM
83_hires,83_hires_warped.png,83,PKM-ecard3-83-NM
83_hires,83_hires.png,83,PKM-ecard3-83-NM-F
83_hires,83_hires_warped.png,83,PKM-ecard3-83-NM-F
71_hires,71_hires.png,71,PKM-ecard3-71-NM
71_hires,71_hires_warped.png,71,PKM-ecard3-71-NM
202_hires,202_hires.png,202,PKM-sv8-202-NM-F
202_hires,202_hires_warped.png,202,PKM-sv8-202-NM-F
194_hires,194_hires.png,194,PKM-sv8-194-NM-F
194_hires,194_hires_warped.png,194,PKM-sv8-194-NM-F
194_hires,194_hires.png,194,PKM-sv8-194-NM
194_hires,194_hires_warped.png,194,PKM-sv8-194-NM
135_hires,135_hires.png,135,PKM-sv8-135-NM
135_hires,135_hires_warped.png,135,PKM-sv8-135-NM
161_hires,161_hires.png,161,PKM-sv8-161-NM-F
161_hires,161_hires_warped.png,161,PKM-sv8-161-NM-F
102_hires,102_hires.png,102,PKM-swsh6-102-NM-F
102_hires,102_hires_warped.png,102,PKM-swsh6-102-NM-F
102_hires,102_hires.png,102,PKM-swsh6-102-NM
102_hires,102_hires_warped.png,102,PKM-swsh6-102-NM
161_hires,161_hires.png,161,PKM-sv8-161-NM
161_hires,161_hires_warped.png,161,PKM-sv8-161-NM
192_hires,192_hires.png,192,PKM-sv8-192-NM-F
192_hires,192_hires_warped.png,192,PKM-sv8-192-NM-F
192_hires,192_hires.png,192,PKM-sv8-192-NM
192_hires,192_hires_warped.png,192,PKM-sv8-192-NM
56_hires,56_hires.png,56,PKM-sv8-56-NM-F
56_hires,56_hires_warped.png,56,PKM-sv8-56-NM-F
56_hires,56_hires.png,56,PKM-sv8-56-NM
56_hires,56_hires_warped.png,56,PKM-sv8-56-NM
229_hires,229_hires.png,229,PKM-sv8-229-NM
229_hires,229_hires_warped.png,229,PKM-sv8-229-NM
229_hires,229_hires.png,229,PKM-sv8-229-NM-F
229_hires,229_hires_warped.png,229,PKM-sv8-229-NM-F
231_hires,231_hires.png,231,PKM-sv8-231-NM
231_hires,231_hires_warped.png,231,PKM-sv8-231-NM
77_hires,77_hires.png,77,PKM-swsh6-77-NM
77_hires,77_hires_warped.png,77,PKM-swsh6-77-NM
77_hires,77_hires.png,77,PKM-swsh6-77-NM-F
77_hires,77_hires_warped.png,77,PKM-swsh6-77-NM-F
129_hires,129_hires.png,129,PKM-sv8-129-NM-F
129_hires,129_hires_warped.png,129,PKM-sv8-129-NM-F
129_hires,129_hires.png,129,PKM-sv8-129-NM
129_hires,129_hires_warped.png,129,PKM-sv8-129-NM
76_hires,76_hires.png,76,PKM-swsh6-76-NM
76_hires,76_hires_warped.png,76,PKM-swsh6-76-NM
76_hires,76_hires.png,76,PKM-swsh6-76-NM-F
76_hires,76_hires_warped.png,76,PKM-swsh6-76-NM-F
6_hires,6_hires.png,6,PKM-swsh6-6-NM-F
6_hires,6_hires_warped.png,6,PKM-swsh6-6-NM-F
30_hires,30_hires.png,30,PKM-swsh6-30-NM-F
30_hires,30_hires_warped.png,30,PKM-swsh6-30-NM-F
30_hires,30_hires.png,30,PKM-swsh6-30-NM
30_hires,30_hires_warped.png,30,PKM-swsh6-30-NM
119_hires,119_hires.png,119,PKM-xy9-119-NM
119_hires,119_hires_warped.png,119,PKM-xy9-119-NM
55_hires,55_hires.png,55,PKM-swsh6-55-NM-F
55_hires,55_hires_warped.png,55,PKM-swsh6-55-NM-F
55_hires,55_hires.png,55,PKM-swsh6-55-NM
55_hires,55_hires_warped.png,55,PKM-swsh6-55-NM
139_hires,139_hires.png,139,PKM-swsh9-139-NM
139_hires,139_hires_warped.png,139,PKM-swsh9-139-NM
139_hires,139_hires.png,139,PKM-swsh9-139-NM-F
139_hires,139_hires_warped.png,139,PKM-swsh9-139-NM-F
130_hires,130_hires.png,130,PKM-swsh9-130-NM
130_hires,130_hires_warped.png,130,PKM-swsh9-130-NM
130_hires,130_hires.png,130,PKM-swsh9-130-NM-F
130_hires,130_hires_warped.png,130,PKM-swsh9-130-NM-F
71_hires,71_hires.png,71,PKM-swsh6-71-NM-F
71_hires,71_hires_warped.png,71,PKM-swsh6-71-NM-F
71_hires,71_hires.png,71,PKM-swsh6-71-NM
71_hires,71_hires_warped.png,71,PKM-swsh6-71-NM
140_hires,140_hires.png,140,PKM-swsh9-140-NM
140_hires,140_hires_warped.png,140,PKM-swsh9-140-NM
140_hires,140_hires.png,140,PKM-swsh9-140-NM-F
140_hires,140_hires_warped.png,140,PKM-swsh9-140-NM-F
24_hires,24_hires.png,24,PKM-swsh9-24-NM
24_hires,24_hires_warped.png,24,PKM-swsh9-24-NM
24_hires,24_hires.png,24,PKM-swsh9-24-NM-F
24_hires,24_hires_warped.png,24,PKM-swsh9-24-NM-F
105_hires,105_hires.png,105,PKM-swsh6-105-NM-F
105_hires,105_hires_warped.png,105,PKM-swsh6-105-NM-F
105_hires,105_hires.png,105,PKM-swsh6-105-NM
105_hires,105_hires_warped.png,105,PKM-swsh6-105-NM
109_hires,109_hires.png,109,PKM-sv8-109-NM-F
109_hires,109_hires_warped.png,109,PKM-sv8-109-NM-F
109_hires,109_hires.png,109,PKM-sv8-109-NM
109_hires,109_hires_warped.png,109,PKM-sv8-109-NM
112_hires,112_hires.png,112,PKM-sv8-112-NM-F
112_hires,112_hires_warped.png,112,PKM-sv8-112-NM-F
112_hires,112_hires.png,112,PKM-sv8-112-NM
112_hires,112_hires_warped.png,112,PKM-sv8-112-NM
9_hires,9_hires.png,9,PKM-swsh9-9-NM
9_hires,9_hires_warped.png,9,PKM-swsh9-9-NM
9_hires,9_hires.png,9,PKM-swsh9-9-NM-F
9_hires,9_hires_warped.png,9,PKM-swsh9-9-NM-F
113_hires,113_hires.png,113,PKM-sv8-113-NM-F
113_hires,113_hires_warped.png,113,PKM-sv8-113-NM-F
113_hires,113_hires.png,113,PKM-sv8-113-NM
113_hires,113_hires_warped.png,113,PKM-sv8-113-NM
117_hires,117_hires.png,117,PKM-sv8-117-NM-F
117_hires,117_hires_warped.png,117,PKM-sv8-117-NM-F
117_hires,117_hires.png,117,PKM-sv8-117-NM
117_hires,117_hires_warped.png,117,PKM-sv8-117-NM
3_hires,3_hires.png,3,PKM-swsh9-3-NM
3_hires,3_hires_warped.png,3,PKM-swsh9-3-NM
3_hires,3_hires.png,3,PKM-swsh9-3-NM-F
3_hires,3_hires_warped.png,3,PKM-swsh9-3-NM-F
147_hires,147_hires.png,147,PKM-swsh9-147-NM
147_hires,147_hires_warped.png,147,PKM-swsh9-147-NM
147_hires,147_hires.png,147,PKM-swsh9-147-NM-F
147_hires,147_hires_warped.png,147,PKM-swsh9-147-NM-F
120_hires,120_hires.png,120,PKM-sv8-120-NM-F
120_hires,120_hires_warped.png,120,PKM-sv8-120-NM-F
120_hires,120_hires.png,120,PKM-sv8-120-NM
120_hires,120_hires_warped.png,120,PKM-sv8-120-NM
118_hires,118_hires.png,118,PKM-sv8-118-NM-F
118_hires,118_hires_warped.png,118,PKM-sv8-118-NM-F
118_hires,118_hires.png,118,PKM-sv8-118-NM
118_hires,118_hires_warped.png,118,PKM-sv8-118-NM
124_hires,124_hires.png,124,PKM-sv8-124-NM-F
124_hires,124_hires_warped.png,124,PKM-sv8-124-NM-F
124_hires,124_hires.png,124,PKM-sv8-124-NM
124_hires,124_hires_warped.png,124,PKM-sv8-124-NM
94_hires,94_hires.png,94,PKM-swsh6-94-NM
94_hires,94_hires_warped.png,94,PKM-swsh6-94-NM
94_hires,94_hires.png,94,PKM-swsh6-94-NM-F
94_hires,94_hires_warped.png,94,PKM-swsh6-94-NM-F
62_hires,62_hires.png,62,PKM-swsh6-62-NM
62_hires,62_hires_warped.png,62,PKM-swsh6-62-NM
62_hires,62_hires.png,62,PKM-swsh6-62-NM-F
62_hires,62_hires_warped.png,62,PKM-swsh6-62-NM-F
1_hires,1_hires.png,1,PKM-swsh6-1-NM-F
1_hires,1_hires_warped.png,1,PKM-swsh6-1-NM-F
1_hires,1_hires.png,1,PKM-swsh6-1-NM
1_hires,1_hires_warped.png,1,PKM-swsh6-1-NM
126_hires,126_hires.png,126,PKM-sv8-126-NM-F
126_hires,126_hires_warped.png,126,PKM-sv8-126-NM-F
126_hires,126_hires.png,126,PKM-sv8-126-NM
126_hires,126_hires_warped.png,126,PKM-sv8-126-NM
127_hires,127_hires.png,127,PKM-sv8-127-NM-F
127_hires,127_hires_warped.png,127,PKM-sv8-127-NM-F
127_hires,127_hires.png,127,PKM-sv8-127-NM
127_hires,127_hires_warped.png,127,PKM-sv8-127-NM
29_hires,29_hires.png,29,PKM-swsh6-29-NM-F
29_hires,29_hires_warped.png,29,PKM-swsh6-29-NM-F
29_hires,29_hires.png,29,PKM-swsh6-29-NM
29_hires,29_hires_warped.png,29,PKM-swsh6-29-NM
37_hires,37_hires.png,37,PKM-swsh6-37-NM-F
37_hires,37_hires_warped.png,37,PKM-swsh6-37-NM-F
132_hires,132_hires.png,132,PKM-swsh9-132-NM
132_hires,132_hires_warped.png,132,PKM-swsh9-132-NM
132_hires,132_hires.png,132,PKM-swsh9-132-NM-F
132_hires,132_hires_warped.png,132,PKM-swsh9-132-NM-F
13_hires,13_hires.png,13,PKM-swsh6-13-NM
13_hires,13_hires_warped.png,13,PKM-swsh6-13-NM
13_hires,13_hires.png,13,PKM-swsh6-13-NM-F
13_hires,13_hires_warped.png,13,PKM-swsh6-13-NM-F
4_hires,4_hires.png,4,PKM-swsh6-4-NM
4_hires,4_hires_warped.png,4,PKM-swsh6-4-NM
4_hires,4_hires.png,4,PKM-swsh6-4-NM-F
4_hires,4_hires_warped.png,4,PKM-swsh6-4-NM-F
24_hires,24_hires.png,24,PKM-sv8-24-NM-F
24_hires,24_hires_warped.png,24,PKM-sv8-24-NM-F
24_hires,24_hires.png,24,PKM-sv8-24-NM
24_hires,24_hires_warped.png,24,PKM-sv8-24-NM
27_hires,27_hires.png,27,PKM-sv8-27-NM-F
27_hires,27_hires_warped.png,27,PKM-sv8-27-NM-F
221_hires,221_hires.png,221,PKM-swsh6-221-NM
221_hires,221_hires_warped.png,221,PKM-swsh6-221-NM
221_hires,221_hires.png,221,PKM-swsh6-221-NM-F
221_hires,221_hires_warped.png,221,PKM-swsh6-221-NM-F
147_hires,147_hires.png,147,PKM-ecard2-147-NM
147_hires,147_hires_warped.png,147,PKM-ecard2-147-NM
109_hires,109_hires.png,109,PKM-ecard2-109-NM-F
109_hires,109_hires_warped.png,109,PKM-ecard2-109-NM-F
109_hires,109_hires.png,109,PKM-ecard2-109-NM
109_hires,109_hires_warped.png,109,PKM-ecard2-109-NM
220_hires,220_hires.png,220,PKM-swsh6-220-NM
220_hires,220_hires_warped.png,220,PKM-swsh6-220-NM
211_hires,211_hires.png,211,PKM-swsh6-211-NM-F
211_hires,211_hires_warped.png,211,PKM-swsh6-211-NM-F
113_hires,113_hires.png,113,PKM-ecard2-113-NM
113_hires,113_hires_warped.png,113,PKM-ecard2-113-NM
113_hires,113_hires.png,113,PKM-ecard2-113-NM-F
113_hires,113_hires_warped.png,113,PKM-ecard2-113-NM-F
111_hires,111_hires.png,111,PKM-ecard2-111-NM-F
111_hires,111_hires_warped.png,111,PKM-ecard2-111-NM-F
111_hires,111_hires.png,111,PKM-ecard2-111-NM
111_hires,111_hires_warped.png,111,PKM-ecard2-111-NM
117_hires,117_hires.png,117,PKM-ecard2-117-NM
117_hires,117_hires_warped.png,117,PKM-ecard2-117-NM
116_hires,116_hires.png,116,PKM-ecard2-116-NM
116_hires,116_hires_warped.png,116,PKM-ecard2-116-NM
116_hires,116_hires.png,116,PKM-ecard2-116-NM-F
116_hires,116_hires_warped.png,116,PKM-ecard2-116-NM-F
108_hires,108_hires.png,108,PKM-ecard2-108-NM
108_hires,108_hires_warped.png,108,PKM-ecard2-108-NM
108_hires,108_hires.png,108,PKM-ecard2-108-NM-F
108_hires,108_hires_warped.png,108,PKM-ecard2-108-NM-F
106_hires,106_hires.png,106,PKM-ecard2-106-NM
106_hires,106_hires_warped.png,106,PKM-ecard2-106-NM
106_hires,106_hires.png,106,PKM-ecard2-106-NM-F
106_hires,106_hires_warped.png,106,PKM-ecard2-106-NM-F
211_hires,211_hires.png,211,PKM-swsh6-211-NM
211_hires,211_hires_warped.png,211,PKM-swsh6-211-NM
114_hires,114_hires.png,114,PKM-ecard2-114-NM
114_hires,114_hires_warped.png,114,PKM-ecard2-114-NM
114_hires,114_hires.png,114,PKM-ecard2-114-NM-F
114_hires,114_hires_warped.png,114,PKM-ecard2-114-NM-F
110_hires,110_hires.png,110,PKM-ecard2-110-NM
110_hires,110_hires_warped.png,110,PKM-ecard2-110-NM
110_hires,110_hires.png,110,PKM-ecard2-110-NM-F
110_hires,110_hires_warped.png,110,PKM-ecard2-110-NM-F
107_hires,107_hires.png,107,PKM-ecard2-107-NM
107_hires,107_hires_warped.png,107,PKM-ecard2-107-NM
107_hires,107_hires.png,107,PKM-ecard2-107-NM-F
107_hires,107_hires_warped.png,107,PKM-ecard2-107-NM-F
112_hires,112_hires.png,112,PKM-ecard2-112-NM
112_hires,112_hires_warped.png,112,PKM-ecard2-112-NM
112_hires,112_hires.png,112,PKM-ecard2-112-NM-F
112_hires,112_hires_warped.png,112,PKM-ecard2-112-NM-F
81_hires,81_hires.png,81,PKM-ecard2-81-NM-F
81_hires,81_hires_warped.png,81,PKM-ecard2-81-NM-F
100_hires,100_hires.png,100,PKM-ecard2-100-NM
100_hires,100_hires_warped.png,100,PKM-ecard2-100-NM
100_hires,100_hires.png,100,PKM-ecard2-100-NM-F
100_hires,100_hires_warped.png,100,PKM-ecard2-100-NM-F
81_hires,81_hires.png,81,PKM-ecard2-81-NM
81_hires,81_hires_warped.png,81,PKM-ecard2-81-NM
88_hires,88_hires.png,88,PKM-ecard2-88-NM-F
88_hires,88_hires_warped.png,88,PKM-ecard2-88-NM-F
215_hires,215_hires.png,215,PKM-swsh6-215-NM-F
215_hires,215_hires_warped.png,215,PKM-swsh6-215-NM-F
215_hires,215_hires.png,215,PKM-swsh6-215-NM
215_hires,215_hires_warped.png,215,PKM-swsh6-215-NM
88_hires,88_hires.png,88,PKM-ecard2-88-NM
88_hires,88_hires_warped.png,88,PKM-ecard2-88-NM
105_hires,105_hires.png,105,PKM-ecard2-105-NM
105_hires,105_hires_warped.png,105,PKM-ecard2-105-NM
69_hires,69_hires.png,69,PKM-ecard2-69-NM
69_hires,69_hires_warped.png,69,PKM-ecard2-69-NM
69_hires,69_hires.png,69,PKM-ecard2-69-NM-F
69_hires,69_hires_warped.png,69,PKM-ecard2-69-NM-F
80_hires,80_hires.png,80,PKM-ecard2-80-NM
80_hires,80_hires_warped.png,80,PKM-ecard2-80-NM
80_hires,80_hires.png,80,PKM-ecard2-80-NM-F
80_hires,80_hires_warped.png,80,PKM-ecard2-80-NM-F
95_hires,95_hires.png,95,PKM-ecard2-95-NM
95_hires,95_hires_warped.png,95,PKM-ecard2-95-NM
95_hires,95_hires.png,95,PKM-ecard2-95-NM-F
95_hires,95_hires_warped.png,95,PKM-ecard2-95-NM-F
117_hires,117_hires.png,117,PKM-ecard2-117-NM-F
117_hires,117_hires_warped.png,117,PKM-ecard2-117-NM-F
84_hires,84_hires.png,84,PKM-ecard2-84-NM-F
84_hires,84_hires_warped.png,84,PKM-ecard2-84-NM-F
97_hires,97_hires.png,97,PKM-ecard2-97-NM
97_hires,97_hires_warped.png,97,PKM-ecard2-97-NM
97_hires,97_hires.png,97,PKM-ecard2-97-NM-F
97_hires,97_hires_warped.png,97,PKM-ecard2-97-NM-F
94_hires,94_hires.png,94,PKM-ecard2-94-NM-F
94_hires,94_hires_warped.png,94,PKM-ecard2-94-NM-F
94_hires,94_hires.png,94,PKM-ecard2-94-NM
94_hires,94_hires_warped.png,94,PKM-ecard2-94-NM
104_hires,104_hires.png,104,PKM-ecard2-104-NM-F
104_hires,104_hires_warped.png,104,PKM-ecard2-104-NM-F
104_hires,104_hires.png,104,PKM-ecard2-104-NM
104_hires,104_hires_warped.png,104,PKM-ecard2-104-NM
99_hires,99_hires.png,99,PKM-ecard2-99-NM-F
99_hires,99_hires_warped.png,99,PKM-ecard2-99-NM-F
99_hires,99_hires.png,99,PKM-ecard2-99-NM
99_hires,99_hires_warped.png,99,PKM-ecard2-99-NM
70_hires,70_hires.png,70,PKM-ecard2-70-NM-F
70_hires,70_hires_warped.png,70,PKM-ecard2-70-NM-F
70_hires,70_hires.png,70,PKM-ecard2-70-NM
70_hires,70_hires_warped.png,70,PKM-ecard2-70-NM
75_hires,75_hires.png,75,PKM-ecard2-75-NM
75_hires,75_hires_warped.png,75,PKM-ecard2-75-NM
75_hires,75_hires.png,75,PKM-ecard2-75-NM-F
75_hires,75_hires_warped.png,75,PKM-ecard2-75-NM-F
98_hires,98_hires.png,98,PKM-ecard2-98-NM-F
98_hires,98_hires_warped.png,98,PKM-ecard2-98-NM-F
98_hires,98_hires.png,98,PKM-ecard2-98-NM
98_hires,98_hires_warped.png,98,PKM-ecard2-98-NM
102_hires,102_hires.png,102,PKM-ecard2-102-NM-F
102_hires,102_hires_warped.png,102,PKM-ecard2-102-NM-F
102_hires,102_hires.png,102,PKM-ecard2-102-NM
102_hires,102_hires_warped.png,102,PKM-ecard2-102-NM
93_hires,93_hires.png,93,PKM-ecard2-93-NM-F
93_hires,93_hires_warped.png,93,PKM-ecard2-93-NM-F
93_hires,93_hires.png,93,PKM-ecard2-93-NM
93_hires,93_hires_warped.png,93,PKM-ecard2-93-NM
86_hires,86_hires.png,86,PKM-ecard2-86-NM
86_hires,86_hires_warped.png,86,PKM-ecard2-86-NM
78_hires,78_hires.png,78,PKM-ecard2-78-NM-F
78_hires,78_hires_warped.png,78,PKM-ecard2-78-NM-F
78_hires,78_hires.png,78,PKM-ecard2-78-NM
78_hires,78_hires_warped.png,78,PKM-ecard2-78-NM
92_hires,92_hires.png,92,PKM-ecard2-92-NM-F
92_hires,92_hires_warped.png,92,PKM-ecard2-92-NM-F
92_hires,92_hires.png,92,PKM-ecard2-92-NM
92_hires,92_hires_warped.png,92,PKM-ecard2-92-NM
76_hires,76_hires.png,76,PKM-ecard2-76-NM
76_hires,76_hires_warped.png,76,PKM-ecard2-76-NM
76_hires,76_hires.png,76,PKM-ecard2-76-NM-F
76_hires,76_hires_warped.png,76,PKM-ecard2-76-NM-F
199_hires,199_hires.png,199,PKM-swsh6-199-NM-F
199_hires,199_hires_warped.png,199,PKM-swsh6-199-NM-F
199_hires,199_hires.png,199,PKM-swsh6-199-NM
199_hires,199_hires_warped.png,199,PKM-swsh6-199-NM
218_hires,218_hires.png,218,PKM-swsh6-218-NM
218_hires,218_hires_warped.png,218,PKM-swsh6-218-NM
86_hires,86_hires.png,86,PKM-ecard2-86-NM-F
86_hires,86_hires_warped.png,86,PKM-ecard2-86-NM-F
27_hires,27_hires.png,27,PKM-sv8-27-NM
27_hires,27_hires_warped.png,27,PKM-sv8-27-NM
219_hires,219_hires.png,219,PKM-swsh6-219-NM-F
219_hires,219_hires_warped.png,219,PKM-swsh6-219-NM-F
219_hires,219_hires.png,219,PKM-swsh6-219-NM
219_hires,219_hires_warped.png,219,PKM-swsh6-219-NM
214_hires,214_hires.png,214,PKM-swsh6-214-NM-F
214_hires,214_hires_warped.png,214,PKM-swsh6-214-NM-F
214_hires,214_hires.png,214,PKM-swsh6-214-NM
214_hires,214_hires_warped.png,214,PKM-swsh6-214-NM
30_hires,30_hires.png,30,PKM-sv8-30-NM-F
30_hires,30_hires_warped.png,30,PKM-sv8-30-NM-F
30_hires,30_hires.png,30,PKM-sv8-30-NM
30_hires,30_hires_warped.png,30,PKM-sv8-30-NM
25_hires,25_hires.png,25,PKM-sv8-25-NM-F
25_hires,25_hires_warped.png,25,PKM-sv8-25-NM-F
5_hires,5_hires.png,5,PKM-sv8-5-NM-F
5_hires,5_hires_warped.png,5,PKM-sv8-5-NM-F
5_hires,5_hires.png,5,PKM-sv8-5-NM
5_hires,5_hires_warped.png,5,PKM-sv8-5-NM
8_hires,8_hires.png,8,PKM-sv8-8-NM-F
8_hires,8_hires_warped.png,8,PKM-sv8-8-NM-F
8_hires,8_hires.png,8,PKM-sv8-8-NM
8_hires,8_hires_warped.png,8,PKM-sv8-8-NM
10_hires,10_hires.png,10,PKM-sv8-10-NM-F
10_hires,10_hires_warped.png,10,PKM-sv8-10-NM-F
10_hires,10_hires.png,10,PKM-sv8-10-NM
10_hires,10_hires_warped.png,10,PKM-sv8-10-NM
193_hires,193_hires.png,193,PKM-swsh6-193-NM-F
193_hires,193_hires_warped.png,193,PKM-swsh6-193-NM-F
176_hires,176_hires.png,176,PKM-swsh6-176-NM
176_hires,176_hires_warped.png,176,PKM-swsh6-176-NM
176_hires,176_hires.png,176,PKM-swsh6-176-NM-F
176_hires,176_hires_warped.png,176,PKM-swsh6-176-NM-F
XY174_hires,XY174_hires.png,XY174,PKM-xyp-XY174-NM
XY174_hires,XY174_hires_warped.png,XY174,PKM-xyp-XY174-NM
186_hires,186_hires.png,186,PKM-swsh6-186-NM
186_hires,186_hires_warped.png,186,PKM-swsh6-186-NM
190_hires,190_hires.png,190,PKM-swsh6-190-NM
190_hires,190_hires_warped.png,190,PKM-swsh6-190-NM
190_hires,190_hires.png,190,PKM-swsh6-190-NM-F
190_hires,190_hires_warped.png,190,PKM-swsh6-190-NM-F
28_hires,28_hires.png,28,PKM-sv8-28-NM-F
28_hires,28_hires_warped.png,28,PKM-sv8-28-NM-F
28_hires,28_hires.png,28,PKM-sv8-28-NM
28_hires,28_hires_warped.png,28,PKM-sv8-28-NM
188_hires,188_hires.png,188,PKM-swsh6-188-NM-F
188_hires,188_hires_warped.png,188,PKM-swsh6-188-NM-F
188_hires,188_hires.png,188,PKM-swsh6-188-NM
188_hires,188_hires_warped.png,188,PKM-swsh6-188-NM
189_hires,189_hires.png,189,PKM-swsh6-189-NM-F
189_hires,189_hires_warped.png,189,PKM-swsh6-189-NM-F
189_hires,189_hires.png,189,PKM-swsh6-189-NM
189_hires,189_hires_warped.png,189,PKM-swsh6-189-NM
191_hires,191_hires.png,191,PKM-swsh6-191-NM-F
191_hires,191_hires_warped.png,191,PKM-swsh6-191-NM-F
191_hires,191_hires.png,191,PKM-swsh6-191-NM
191_hires,191_hires_warped.png,191,PKM-swsh6-191-NM
20_hires,20_hires.png,20,PKM-sv8-20-NM-F
20_hires,20_hires_warped.png,20,PKM-sv8-20-NM-F
20_hires,20_hires.png,20,PKM-sv8-20-NM
20_hires,20_hires_warped.png,20,PKM-sv8-20-NM
22_hires,22_hires.png,22,PKM-sv8-22-NM-F
22_hires,22_hires_warped.png,22,PKM-sv8-22-NM-F
22_hires,22_hires.png,22,PKM-sv8-22-NM
22_hires,22_hires_warped.png,22,PKM-sv8-22-NM
12_hires,12_hires.png,12,PKM-sv8-12-NM-F
12_hires,12_hires_warped.png,12,PKM-sv8-12-NM-F
12_hires,12_hires.png,12,PKM-sv8-12-NM
12_hires,12_hires_warped.png,12,PKM-sv8-12-NM
26_hires,26_hires.png,26,PKM-sv8-26-NM
26_hires,26_hires_warped.png,26,PKM-sv8-26-NM
40_hires,40_hires.png,40,PKM-sv8-40-NM-F
40_hires,40_hires_warped.png,40,PKM-sv8-40-NM-F
40_hires,40_hires.png,40,PKM-sv8-40-NM
40_hires,40_hires_warped.png,40,PKM-sv8-40-NM
103_hires,103_hires.png,103,PKM-ecard2-103-NM-F
103_hires,103_hires_warped.png,103,PKM-ecard2-103-NM-F
79_hires,79_hires.png,79,PKM-ecard2-79-NM
79_hires,79_hires_warped.png,79,PKM-ecard2-79-NM
79_hires,79_hires.png,79,PKM-ecard2-79-NM-F
79_hires,79_hires_warped.png,79,PKM-ecard2-79-NM-F
84_hires,84_hires.png,84,PKM-ecard2-84-NM
84_hires,84_hires_warped.png,84,PKM-ecard2-84-NM
194_hires,194_hires.png,194,PKM-swsh6-194-NM-F
194_hires,194_hires_warped.png,194,PKM-swsh6-194-NM-F
194_hires,194_hires.png,194,PKM-swsh6-194-NM
194_hires,194_hires_warped.png,194,PKM-swsh6-194-NM
77_hires,77_hires.png,77,PKM-ecard2-77-NM-F
77_hires,77_hires_warped.png,77,PKM-ecard2-77-NM-F
77_hires,77_hires.png,77,PKM-ecard2-77-NM
77_hires,77_hires_warped.png,77,PKM-ecard2-77-NM
90_hires,90_hires.png,90,PKM-ecard2-90-NM-F
90_hires,90_hires_warped.png,90,PKM-ecard2-90-NM-F
90_hires,90_hires.png,90,PKM-ecard2-90-NM
90_hires,90_hires_warped.png,90,PKM-ecard2-90-NM
101_hires,101_hires.png,101,PKM-ecard2-101-NM-F
101_hires,101_hires_warped.png,101,PKM-ecard2-101-NM-F
101_hires,101_hires.png,101,PKM-ecard2-101-NM
101_hires,101_hires_warped.png,101,PKM-ecard2-101-NM
91_hires,91_hires.png,91,PKM-ecard2-91-NM
91_hires,91_hires_warped.png,91,PKM-ecard2-91-NM
85_hires,85_hires.png,85,PKM-ecard2-85-NM
85_hires,85_hires_warped.png,85,PKM-ecard2-85-NM
85_hires,85_hires.png,85,PKM-ecard2-85-NM-F
85_hires,85_hires_warped.png,85,PKM-ecard2-85-NM-F
96_hires,96_hires.png,96,PKM-ecard2-96-NM-F
96_hires,96_hires_warped.png,96,PKM-ecard2-96-NM-F
96_hires,96_hires.png,96,PKM-ecard2-96-NM
96_hires,96_hires_warped.png,96,PKM-ecard2-96-NM
91_hires,91_hires.png,91,PKM-ecard2-91-NM-F
91_hires,91_hires_warped.png,91,PKM-ecard2-91-NM-F
103_hires,103_hires.png,103,PKM-ecard2-103-NM
103_hires,103_hires_warped.png,103,PKM-ecard2-103-NM
89_hires,89_hires.png,89,PKM-ecard2-89-NM-F
89_hires,89_hires_warped.png,89,PKM-ecard2-89-NM-F
89_hires,89_hires.png,89,PKM-ecard2-89-NM
89_hires,89_hires_warped.png,89,PKM-ecard2-89-NM
96_hires,96_hires.png,96,PKM-swsh11-96-NM-F
96_hires,96_hires_warped.png,96,PKM-swsh11-96-NM-F
87_hires,87_hires.png,87,PKM-ecard2-87-NM
87_hires,87_hires_warped.png,87,PKM-ecard2-87-NM
105_hires,105_hires.png,105,PKM-ex8-105-NM-F
105_hires,105_hires_warped.png,105,PKM-ex8-105-NM-F
227_hires,227_hires.png,227,PKM-swsh6-227-NM
227_hires,227_hires_warped.png,227,PKM-swsh6-227-NM
226_hires,226_hires.png,226,PKM-swsh6-226-NM-F
226_hires,226_hires_warped.png,226,PKM-swsh6-226-NM-F
226_hires,226_hires.png,226,PKM-swsh6-226-NM
226_hires,226_hires_warped.png,226,PKM-swsh6-226-NM
43_hires,43_hires.png,43,PKM-sv8-43-NM-F
43_hires,43_hires_warped.png,43,PKM-sv8-43-NM-F
43_hires,43_hires.png,43,PKM-sv8-43-NM
43_hires,43_hires_warped.png,43,PKM-sv8-43-NM
46_hires,46_hires.png,46,PKM-sv8-46-NM-F
46_hires,46_hires_warped.png,46,PKM-sv8-46-NM-F
46_hires,46_hires.png,46,PKM-sv8-46-NM
46_hires,46_hires_warped.png,46,PKM-sv8-46-NM
32_hires,32_hires.png,32,PKM-sv8-32-NM-F
32_hires,32_hires_warped.png,32,PKM-sv8-32-NM-F
32_hires,32_hires.png,32,PKM-sv8-32-NM
32_hires,32_hires_warped.png,32,PKM-sv8-32-NM
33_hires,33_hires.png,33,PKM-sv8-33-NM-F
33_hires,33_hires_warped.png,33,PKM-sv8-33-NM-F
33_hires,33_hires.png,33,PKM-sv8-33-NM
33_hires,33_hires_warped.png,33,PKM-sv8-33-NM
106_hires,106_hires.png,106,PKM-ex8-106-NM
106_hires,106_hires_warped.png,106,PKM-ex8-106-NM
41_hires,41_hires.png,41,PKM-sv8-41-NM-F
41_hires,41_hires_warped.png,41,PKM-sv8-41-NM-F
41_hires,41_hires.png,41,PKM-sv8-41-NM
41_hires,41_hires_warped.png,41,PKM-sv8-41-NM
53_hires,53_hires.png,53,PKM-sv8-53-NM-F
53_hires,53_hires_warped.png,53,PKM-sv8-53-NM-F
53_hires,53_hires.png,53,PKM-sv8-53-NM
53_hires,53_hires_warped.png,53,PKM-sv8-53-NM
58_hires,58_hires.png,58,PKM-sv8-58-NM-F
58_hires,58_hires_warped.png,58,PKM-sv8-58-NM-F
105_hires,105_hires.png,105,PKM-ex8-105-NM
105_hires,105_hires_warped.png,105,PKM-ex8-105-NM
106_hires,106_hires.png,106,PKM-ex8-106-NM-F
106_hires,106_hires_warped.png,106,PKM-ex8-106-NM-F
108_hires,108_hires.png,108,PKM-ex8-108-NM-F
108_hires,108_hires_warped.png,108,PKM-ex8-108-NM-F
228_hires,228_hires.png,228,PKM-swsh6-228-NM-F
228_hires,228_hires_warped.png,228,PKM-swsh6-228-NM-F
228_hires,228_hires.png,228,PKM-swsh6-228-NM
228_hires,228_hires_warped.png,228,PKM-swsh6-228-NM
62_hires,62_hires.png,62,PKM-sv8-62-NM-F
62_hires,62_hires_warped.png,62,PKM-sv8-62-NM-F
62_hires,62_hires.png,62,PKM-sv8-62-NM
62_hires,62_hires_warped.png,62,PKM-sv8-62-NM
229_hires,229_hires.png,229,PKM-swsh6-229-NM-F
229_hires,229_hires_warped.png,229,PKM-swsh6-229-NM-F
110_hires,110_hires.png,110,PKM-dp1-110-NM-F
110_hires,110_hires_warped.png,110,PKM-dp1-110-NM-F
105_hires,105_hires.png,105,PKM-dp1-105-NM
105_hires,105_hires_warped.png,105,PKM-dp1-105-NM
111_hires,111_hires.png,111,PKM-dp1-111-NM
111_hires,111_hires_warped.png,111,PKM-dp1-111-NM
111_hires,111_hires.png,111,PKM-dp1-111-NM-F
111_hires,111_hires_warped.png,111,PKM-dp1-111-NM-F
112_hires,112_hires.png,112,PKM-dp1-112-NM-F
112_hires,112_hires_warped.png,112,PKM-dp1-112-NM-F
112_hires,112_hires.png,112,PKM-dp1-112-NM
112_hires,112_hires_warped.png,112,PKM-dp1-112-NM
66_hires,66_hires.png,66,PKM-sv8-66-NM-F
66_hires,66_hires_warped.png,66,PKM-sv8-66-NM-F
66_hires,66_hires.png,66,PKM-sv8-66-NM
66_hires,66_hires_warped.png,66,PKM-sv8-66-NM
63_hires,63_hires.png,63,PKM-sv8-63-NM-F
63_hires,63_hires_warped.png,63,PKM-sv8-63-NM-F
63_hires,63_hires.png,63,PKM-sv8-63-NM
63_hires,63_hires_warped.png,63,PKM-sv8-63-NM
116_hires,116_hires.png,116,PKM-dp1-116-NM
116_hires,116_hires_warped.png,116,PKM-dp1-116-NM
116_hires,116_hires.png,116,PKM-dp1-116-NM-F
116_hires,116_hires_warped.png,116,PKM-dp1-116-NM-F
114_hires,114_hires.png,114,PKM-dp1-114-NM-F
114_hires,114_hires_warped.png,114,PKM-dp1-114-NM-F
114_hires,114_hires.png,114,PKM-dp1-114-NM
114_hires,114_hires_warped.png,114,PKM-dp1-114-NM
64_hires,64_hires.png,64,PKM-sv8-64-NM-F
64_hires,64_hires_warped.png,64,PKM-sv8-64-NM-F
64_hires,64_hires.png,64,PKM-sv8-64-NM
64_hires,64_hires_warped.png,64,PKM-sv8-64-NM
73_hires,73_hires.png,73,PKM-sv8-73-NM-F
73_hires,73_hires_warped.png,73,PKM-sv8-73-NM-F
78_hires,78_hires.png,78,PKM-sv8-78-NM-F
78_hires,78_hires_warped.png,78,PKM-sv8-78-NM-F
78_hires,78_hires.png,78,PKM-sv8-78-NM
78_hires,78_hires_warped.png,78,PKM-sv8-78-NM
79_hires,79_hires.png,79,PKM-sv8-79-NM-F
79_hires,79_hires_warped.png,79,PKM-sv8-79-NM-F
79_hires,79_hires.png,79,PKM-sv8-79-NM
79_hires,79_hires_warped.png,79,PKM-sv8-79-NM
108_hires,108_hires.png,108,PKM-dp1-108-NM
108_hires,108_hires_warped.png,108,PKM-dp1-108-NM
108_hires,108_hires.png,108,PKM-dp1-108-NM-F
108_hires,108_hires_warped.png,108,PKM-dp1-108-NM-F
115_hires,115_hires.png,115,PKM-dp1-115-NM-F
115_hires,115_hires_warped.png,115,PKM-dp1-115-NM-F
115_hires,115_hires.png,115,PKM-dp1-115-NM
115_hires,115_hires_warped.png,115,PKM-dp1-115-NM
106_hires,106_hires.png,106,PKM-dp1-106-NM-F
106_hires,106_hires_warped.png,106,PKM-dp1-106-NM-F
107_hires,107_hires.png,107,PKM-dp1-107-NM
107_hires,107_hires_warped.png,107,PKM-dp1-107-NM
107_hires,107_hires.png,107,PKM-dp1-107-NM-F
107_hires,107_hires_warped.png,107,PKM-dp1-107-NM-F
106_hires,106_hires.png,106,PKM-dp1-106-NM
106_hires,106_hires_warped.png,106,PKM-dp1-106-NM
80_hires,80_hires.png,80,PKM-sv8-80-NM-F
80_hires,80_hires_warped.png,80,PKM-sv8-80-NM-F
80_hires,80_hires.png,80,PKM-sv8-80-NM
80_hires,80_hires_warped.png,80,PKM-sv8-80-NM
81_hires,81_hires.png,81,PKM-sv8-81-NM-F
81_hires,81_hires_warped.png,81,PKM-sv8-81-NM-F
81_hires,81_hires.png,81,PKM-sv8-81-NM
81_hires,81_hires_warped.png,81,PKM-sv8-81-NM
101_hires,101_hires.png,101,PKM-dp1-101-NM
101_hires,101_hires_warped.png,101,PKM-dp1-101-NM
118_hires,118_hires.png,118,PKM-dp1-118-NM
118_hires,118_hires_warped.png,118,PKM-dp1-118-NM
101_hires,101_hires.png,101,PKM-dp1-101-NM-F
101_hires,101_hires_warped.png,101,PKM-dp1-101-NM-F
229_hires,229_hires.png,229,PKM-swsh6-229-NM
229_hires,229_hires_warped.png,229,PKM-swsh6-229-NM
124_hires,124_hires.png,124,PKM-dp1-124-NM
124_hires,124_hires_warped.png,124,PKM-dp1-124-NM
82_hires,82_hires.png,82,PKM-sv8-82-NM-F
82_hires,82_hires_warped.png,82,PKM-sv8-82-NM-F
82_hires,82_hires.png,82,PKM-sv8-82-NM
82_hires,82_hires_warped.png,82,PKM-sv8-82-NM
84_hires,84_hires.png,84,PKM-sv8-84-NM-F
84_hires,84_hires_warped.png,84,PKM-sv8-84-NM-F
84_hires,84_hires.png,84,PKM-sv8-84-NM
84_hires,84_hires_warped.png,84,PKM-sv8-84-NM
104_hires,104_hires.png,104,PKM-dp1-104-NM
104_hires,104_hires_warped.png,104,PKM-dp1-104-NM
104_hires,104_hires.png,104,PKM-dp1-104-NM-F
104_hires,104_hires_warped.png,104,PKM-dp1-104-NM-F
102_hires,102_hires.png,102,PKM-sv5-102-NM
102_hires,102_hires_warped.png,102,PKM-sv5-102-NM
127_hires,127_hires.png,127,PKM-dp1-127-NM
127_hires,127_hires_warped.png,127,PKM-dp1-127-NM
127_hires,127_hires.png,127,PKM-dp1-127-NM-F
127_hires,127_hires_warped.png,127,PKM-dp1-127-NM-F
232_hires,232_hires.png,232,PKM-swsh6-232-NM-F
232_hires,232_hires_warped.png,232,PKM-swsh6-232-NM-F
232_hires,232_hires.png,232,PKM-swsh6-232-NM
232_hires,232_hires_warped.png,232,PKM-swsh6-232-NM
230_hires,230_hires.png,230,PKM-swsh6-230-NM-F
230_hires,230_hires_warped.png,230,PKM-swsh6-230-NM-F
230_hires,230_hires.png,230,PKM-swsh6-230-NM
230_hires,230_hires_warped.png,230,PKM-swsh6-230-NM
123_hires,123_hires.png,123,PKM-dp1-123-NM
123_hires,123_hires_warped.png,123,PKM-dp1-123-NM
123_hires,123_hires.png,123,PKM-dp1-123-NM-F
123_hires,123_hires_warped.png,123,PKM-dp1-123-NM-F
129_hires,129_hires.png,129,PKM-dp1-129-NM-F
129_hires,129_hires_warped.png,129,PKM-dp1-129-NM-F
129_hires,129_hires.png,129,PKM-dp1-129-NM
129_hires,129_hires_warped.png,129,PKM-dp1-129-NM
89_hires,89_hires.png,89,PKM-sv8-89-NM-F
89_hires,89_hires_warped.png,89,PKM-sv8-89-NM-F
89_hires,89_hires.png,89,PKM-sv8-89-NM
89_hires,89_hires_warped.png,89,PKM-sv8-89-NM
90_hires,90_hires.png,90,PKM-sv8-90-NM-F
90_hires,90_hires_warped.png,90,PKM-sv8-90-NM-F
103_hires,103_hires.png,103,PKM-dp1-103-NM-F
103_hires,103_hires_warped.png,103,PKM-dp1-103-NM-F
103_hires,103_hires.png,103,PKM-dp1-103-NM
103_hires,103_hires_warped.png,103,PKM-dp1-103-NM
XY142_hires,XY142_hires.png,XY142,PKM-xyp-XY142-NM
XY142_hires,XY142_hires_warped.png,XY142,PKM-xyp-XY142-NM
97_hires,97_hires.png,97,PKM-swsh11-97-NM
97_hires,97_hires_warped.png,97,PKM-swsh11-97-NM
233_hires,233_hires.png,233,PKM-swsh6-233-NM-F
233_hires,233_hires_warped.png,233,PKM-swsh6-233-NM-F
233_hires,233_hires.png,233,PKM-swsh6-233-NM
233_hires,233_hires_warped.png,233,PKM-swsh6-233-NM
98_hires,98_hires.png,98,PKM-dp1-98-NM-F
98_hires,98_hires_warped.png,98,PKM-dp1-98-NM-F
98_hires,98_hires.png,98,PKM-dp1-98-NM
98_hires,98_hires_warped.png,98,PKM-dp1-98-NM
130_hires,130_hires.png,130,PKM-dp1-130-NM
130_hires,130_hires_warped.png,130,PKM-dp1-130-NM
130_hires,130_hires.png,130,PKM-dp1-130-NM-F
130_hires,130_hires_warped.png,130,PKM-dp1-130-NM-F
128_hires,128_hires.png,128,PKM-dp1-128-NM-F
128_hires,128_hires_warped.png,128,PKM-dp1-128-NM-F
128_hires,128_hires.png,128,PKM-dp1-128-NM
128_hires,128_hires_warped.png,128,PKM-dp1-128-NM
130_hires,130_hires.png,130,PKM-swsh5-130-NM-F
130_hires,130_hires_warped.png,130,PKM-swsh5-130-NM-F
130_hires,130_hires.png,130,PKM-swsh5-130-NM
130_hires,130_hires_warped.png,130,PKM-swsh5-130-NM
132_hires,132_hires.png,132,PKM-swsh5-132-NM-F
132_hires,132_hires_warped.png,132,PKM-swsh5-132-NM-F
132_hires,132_hires.png,132,PKM-swsh5-132-NM
132_hires,132_hires_warped.png,132,PKM-swsh5-132-NM
117_hires,117_hires.png,117,PKM-dp1-117-NM
117_hires,117_hires_warped.png,117,PKM-dp1-117-NM
117_hires,117_hires.png,117,PKM-dp1-117-NM-F
117_hires,117_hires_warped.png,117,PKM-dp1-117-NM-F
90_hires,90_hires.png,90,PKM-sv8-90-NM
90_hires,90_hires_warped.png,90,PKM-sv8-90-NM
97_hires,97_hires.png,97,PKM-sv8-97-NM-F
97_hires,97_hires_warped.png,97,PKM-sv8-97-NM-F
97_hires,97_hires.png,97,PKM-sv8-97-NM
97_hires,97_hires_warped.png,97,PKM-sv8-97-NM
99_hires,99_hires.png,99,PKM-sv8-99-NM
99_hires,99_hires_warped.png,99,PKM-sv8-99-NM
129_hires,129_hires.png,129,PKM-swsh5-129-NM
129_hires,129_hires_warped.png,129,PKM-swsh5-129-NM
129_hires,129_hires.png,129,PKM-swsh5-129-NM-F
129_hires,129_hires_warped.png,129,PKM-swsh5-129-NM-F
123_hires,123_hires.png,123,PKM-swsh5-123-NM
123_hires,123_hires_warped.png,123,PKM-swsh5-123-NM
123_hires,123_hires.png,123,PKM-swsh5-123-NM-F
123_hires,123_hires_warped.png,123,PKM-swsh5-123-NM-F
102_hires,102_hires.png,102,PKM-sv8-102-NM-F
102_hires,102_hires_warped.png,102,PKM-sv8-102-NM-F
102_hires,102_hires.png,102,PKM-sv8-102-NM
102_hires,102_hires_warped.png,102,PKM-sv8-102-NM
103_hires,103_hires.png,103,PKM-sv8-103-NM-F
103_hires,103_hires_warped.png,103,PKM-sv8-103-NM-F
103_hires,103_hires.png,103,PKM-sv8-103-NM
103_hires,103_hires_warped.png,103,PKM-sv8-103-NM
104_hires,104_hires.png,104,PKM-sv8-104-NM
104_hires,104_hires_warped.png,104,PKM-sv8-104-NM
105_hires,105_hires.png,105,PKM-sv8-105-NM-F
105_hires,105_hires_warped.png,105,PKM-sv8-105-NM-F
105_hires,105_hires.png,105,PKM-sv8-105-NM
105_hires,105_hires_warped.png,105,PKM-sv8-105-NM
148_hires,148_hires.png,148,PKM-sv8-148-NM-F
148_hires,148_hires_warped.png,148,PKM-sv8-148-NM-F
148_hires,148_hires.png,148,PKM-sv8-148-NM
148_hires,148_hires_warped.png,148,PKM-sv8-148-NM
149_hires,149_hires.png,149,PKM-sv8-149-NM-F
149_hires,149_hires_warped.png,149,PKM-sv8-149-NM-F
149_hires,149_hires.png,149,PKM-sv8-149-NM
149_hires,149_hires_warped.png,149,PKM-sv8-149-NM
150_hires,150_hires.png,150,PKM-sv8-150-NM-F
150_hires,150_hires_warped.png,150,PKM-sv8-150-NM-F
5_hires,5_hires.png,5,PKM-swsh5-5-NM-F
5_hires,5_hires_warped.png,5,PKM-swsh5-5-NM-F
5_hires,5_hires.png,5,PKM-swsh5-5-NM
5_hires,5_hires_warped.png,5,PKM-swsh5-5-NM
97_hires,97_hires.png,97,PKM-dp1-97-NM
97_hires,97_hires_warped.png,97,PKM-dp1-97-NM
97_hires,97_hires.png,97,PKM-dp1-97-NM-F
97_hires,97_hires_warped.png,97,PKM-dp1-97-NM-F
126_hires,126_hires.png,126,PKM-dp1-126-NM
126_hires,126_hires_warped.png,126,PKM-dp1-126-NM
118_hires,118_hires.png,118,PKM-dp1-118-NM-F
118_hires,118_hires_warped.png,118,PKM-dp1-118-NM-F
126_hires,126_hires.png,126,PKM-dp1-126-NM-F
126_hires,126_hires_warped.png,126,PKM-dp1-126-NM-F
125_hires,125_hires.png,125,PKM-dp1-125-NM
125_hires,125_hires_warped.png,125,PKM-dp1-125-NM
125_hires,125_hires.png,125,PKM-dp1-125-NM-F
125_hires,125_hires_warped.png,125,PKM-dp1-125-NM-F
124_hires,124_hires.png,124,PKM-dp1-124-NM-F
124_hires,124_hires_warped.png,124,PKM-dp1-124-NM-F
119_hires,119_hires.png,119,PKM-dp1-119-NM-F
119_hires,119_hires_warped.png,119,PKM-dp1-119-NM-F
95_hires,95_hires.png,95,PKM-dp1-95-NM-F
95_hires,95_hires_warped.png,95,PKM-dp1-95-NM-F
95_hires,95_hires.png,95,PKM-dp1-95-NM
95_hires,95_hires_warped.png,95,PKM-dp1-95-NM
114_hires,114_hires.png,114,PKM-xy10-114-NM
114_hires,114_hires_warped.png,114,PKM-xy10-114-NM
114_hires,114_hires.png,114,PKM-xy10-114-NM-F
114_hires,114_hires_warped.png,114,PKM-xy10-114-NM-F
95_hires,95_hires.png,95,PKM-xy10-95-NM-F
95_hires,95_hires_warped.png,95,PKM-xy10-95-NM-F
95_hires,95_hires.png,95,PKM-xy10-95-NM
95_hires,95_hires_warped.png,95,PKM-xy10-95-NM
106_hires,106_hires.png,106,PKM-xy10-106-NM-F
106_hires,106_hires_warped.png,106,PKM-xy10-106-NM-F
111_hires,111_hires.png,111,PKM-xy10-111-NM-F
111_hires,111_hires_warped.png,111,PKM-xy10-111-NM-F
XY197_hires,XY197_hires.png,XY197,PKM-xyp-XY197-NM-F
XY197_hires,XY197_hires_warped.png,XY197,PKM-xyp-XY197-NM-F
99_hires,99_hires.png,99,PKM-xy10-99-NM-F
99_hires,99_hires_warped.png,99,PKM-xy10-99-NM-F
99_hires,99_hires.png,99,PKM-xy10-99-NM
99_hires,99_hires_warped.png,99,PKM-xy10-99-NM
138_hires,138_hires.png,138,PKM-sv8-138-NM-F
138_hires,138_hires_warped.png,138,PKM-sv8-138-NM-F
138_hires,138_hires.png,138,PKM-sv8-138-NM
138_hires,138_hires_warped.png,138,PKM-sv8-138-NM
143_hires,143_hires.png,143,PKM-sv8-143-NM-F
143_hires,143_hires_warped.png,143,PKM-sv8-143-NM-F
143_hires,143_hires.png,143,PKM-sv8-143-NM
143_hires,143_hires_warped.png,143,PKM-sv8-143-NM
144_hires,144_hires.png,144,PKM-sv8-144-NM-F
144_hires,144_hires_warped.png,144,PKM-sv8-144-NM-F
144_hires,144_hires.png,144,PKM-sv8-144-NM
144_hires,144_hires_warped.png,144,PKM-sv8-144-NM
155_hires,155_hires.png,155,PKM-sv8-155-NM-F
155_hires,155_hires_warped.png,155,PKM-sv8-155-NM-F
155_hires,155_hires.png,155,PKM-sv8-155-NM
155_hires,155_hires_warped.png,155,PKM-sv8-155-NM
152_hires,152_hires.png,152,PKM-sv8-152-NM-F
152_hires,152_hires_warped.png,152,PKM-sv8-152-NM-F
152_hires,152_hires.png,152,PKM-sv8-152-NM
152_hires,152_hires_warped.png,152,PKM-sv8-152-NM
156_hires,156_hires.png,156,PKM-sv8-156-NM-F
156_hires,156_hires_warped.png,156,PKM-sv8-156-NM-F
156_hires,156_hires.png,156,PKM-sv8-156-NM
156_hires,156_hires_warped.png,156,PKM-sv8-156-NM
173_hires,173_hires.png,173,PKM-sv8-173-NM-F
173_hires,173_hires_warped.png,173,PKM-sv8-173-NM-F
173_hires,173_hires.png,173,PKM-sv8-173-NM
173_hires,173_hires_warped.png,173,PKM-sv8-173-NM
2_hires,2_hires.png,2,PKM-sv8-2-NM-F
2_hires,2_hires_warped.png,2,PKM-sv8-2-NM-F
2_hires,2_hires.png,2,PKM-sv8-2-NM
2_hires,2_hires_warped.png,2,PKM-sv8-2-NM
108_hires,108_hires.png,108,PKM-sv8-108-NM-F
108_hires,108_hires_warped.png,108,PKM-sv8-108-NM-F
108_hires,108_hires.png,108,PKM-sv8-108-NM
108_hires,108_hires_warped.png,108,PKM-sv8-108-NM
1_hires,1_hires.png,1,PKM-sv8-1-NM-F
1_hires,1_hires_warped.png,1,PKM-sv8-1-NM-F
1_hires,1_hires.png,1,PKM-sv8-1-NM
1_hires,1_hires_warped.png,1,PKM-sv8-1-NM
29_hires,29_hires.png,29,PKM-sv8-29-NM-F
29_hires,29_hires_warped.png,29,PKM-sv8-29-NM-F
6_hires,6_hires.png,6,PKM-sv8-6-NM-F
6_hires,6_hires_warped.png,6,PKM-sv8-6-NM-F
6_hires,6_hires.png,6,PKM-sv8-6-NM
6_hires,6_hires_warped.png,6,PKM-sv8-6-NM
23_hires,23_hires.png,23,PKM-sv8-23-NM-F
23_hires,23_hires_warped.png,23,PKM-sv8-23-NM-F
23_hires,23_hires.png,23,PKM-sv8-23-NM
23_hires,23_hires_warped.png,23,PKM-sv8-23-NM
128_hires,128_hires.png,128,PKM-sv8-128-NM-F
128_hires,128_hires_warped.png,128,PKM-sv8-128-NM-F
47_hires,47_hires.png,47,PKM-sv8-47-NM-F
47_hires,47_hires_warped.png,47,PKM-sv8-47-NM-F
47_hires,47_hires.png,47,PKM-sv8-47-NM
47_hires,47_hires_warped.png,47,PKM-sv8-47-NM
44_hires,44_hires.png,44,PKM-sv8-44-NM-F
44_hires,44_hires_warped.png,44,PKM-sv8-44-NM-F
44_hires,44_hires.png,44,PKM-sv8-44-NM
44_hires,44_hires_warped.png,44,PKM-sv8-44-NM
51_hires,51_hires.png,51,PKM-sv8-51-NM-F
51_hires,51_hires_warped.png,51,PKM-sv8-51-NM-F
51_hires,51_hires.png,51,PKM-sv8-51-NM
51_hires,51_hires_warped.png,51,PKM-sv8-51-NM
54_hires,54_hires.png,54,PKM-sv8-54-NM-F
54_hires,54_hires_warped.png,54,PKM-sv8-54-NM-F
54_hires,54_hires.png,54,PKM-sv8-54-NM
54_hires,54_hires_warped.png,54,PKM-sv8-54-NM
70_hires,70_hires.png,70,PKM-sv8-70-NM
70_hires,70_hires_warped.png,70,PKM-sv8-70-NM
61_hires,61_hires.png,61,PKM-sv8-61-NM-F
61_hires,61_hires_warped.png,61,PKM-sv8-61-NM-F
61_hires,61_hires.png,61,PKM-sv8-61-NM
61_hires,61_hires_warped.png,61,PKM-sv8-61-NM
71_hires,71_hires.png,71,PKM-sv8-71-NM-F
71_hires,71_hires_warped.png,71,PKM-sv8-71-NM-F
71_hires,71_hires.png,71,PKM-sv8-71-NM
71_hires,71_hires_warped.png,71,PKM-sv8-71-NM
70_hires,70_hires.png,70,PKM-sv8-70-NM-F
70_hires,70_hires_warped.png,70,PKM-sv8-70-NM-F
75_hires,75_hires.png,75,PKM-sv8-75-NM-F
75_hires,75_hires_warped.png,75,PKM-sv8-75-NM-F
75_hires,75_hires.png,75,PKM-sv8-75-NM
75_hires,75_hires_warped.png,75,PKM-sv8-75-NM
87_hires,87_hires.png,87,PKM-sv8-87-NM-F
87_hires,87_hires_warped.png,87,PKM-sv8-87-NM-F
87_hires,87_hires.png,87,PKM-sv8-87-NM
87_hires,87_hires_warped.png,87,PKM-sv8-87-NM
98_hires,98_hires.png,98,PKM-sv8-98-NM-F
98_hires,98_hires_warped.png,98,PKM-sv8-98-NM-F
98_hires,98_hires.png,98,PKM-sv8-98-NM
98_hires,98_hires_warped.png,98,PKM-sv8-98-NM
146_hires,146_hires.png,146,PKM-sv8-146-NM-F
146_hires,146_hires_warped.png,146,PKM-sv8-146-NM-F
103_hires,103_hires.png,103,PKM-xy10-103-NM-F
103_hires,103_hires_warped.png,103,PKM-xy10-103-NM-F
103_hires,103_hires.png,103,PKM-xy10-103-NM
103_hires,103_hires_warped.png,103,PKM-xy10-103-NM
193_hires,193_hires.png,193,PKM-sv8-193-NM-F
193_hires,193_hires_warped.png,193,PKM-sv8-193-NM-F
193_hires,193_hires.png,193,PKM-sv8-193-NM
193_hires,193_hires_warped.png,193,PKM-sv8-193-NM
SWSH167_hires,SWSH167_hires.png,SWSH167,PKM-swshp-SWSH167-NM
SWSH167_hires,SWSH167_hires_warped.png,SWSH167,PKM-swshp-SWSH167-NM
199_hires,199_hires.png,199,PKM-sv8-199-NM-F
199_hires,199_hires_warped.png,199,PKM-sv8-199-NM-F
199_hires,199_hires.png,199,PKM-sv8-199-NM
199_hires,199_hires_warped.png,199,PKM-sv8-199-NM
201_hires,201_hires.png,201,PKM-sv8-201-NM-F
201_hires,201_hires_warped.png,201,PKM-sv8-201-NM-F
201_hires,201_hires.png,201,PKM-sv8-201-NM
201_hires,201_hires_warped.png,201,PKM-sv8-201-NM
203_hires,203_hires.png,203,PKM-sv8-203-NM-F
203_hires,203_hires_warped.png,203,PKM-sv8-203-NM-F
203_hires,203_hires.png,203,PKM-sv8-203-NM
203_hires,203_hires_warped.png,203,PKM-sv8-203-NM
105_hires,105_hires.png,105,PKM-xy10-105-NM-F
105_hires,105_hires_warped.png,105,PKM-xy10-105-NM-F
105_hires,105_hires.png,105,PKM-xy10-105-NM
105_hires,105_hires_warped.png,105,PKM-xy10-105-NM
214_hires,214_hires.png,214,PKM-sv8-214-NM-F
214_hires,214_hires_warped.png,214,PKM-sv8-214-NM-F
210_hires,210_hires.png,210,PKM-sv8-210-NM
210_hires,210_hires_warped.png,210,PKM-sv8-210-NM
210_hires,210_hires.png,210,PKM-sv8-210-NM-F
210_hires,210_hires_warped.png,210,PKM-sv8-210-NM-F
107_hires,107_hires.png,107,PKM-xy10-107-NM-F
107_hires,107_hires_warped.png,107,PKM-xy10-107-NM-F
107_hires,107_hires.png,107,PKM-xy10-107-NM
107_hires,107_hires_warped.png,107,PKM-xy10-107-NM
111a_hires,111a_hires.png,111a,PKM-xy10-111a-NM-F
111a_hires,111a_hires_warped.png,111a,PKM-xy10-111a-NM-F
119_hires,119_hires.png,119,PKM-xy10-119-NM-F
119_hires,119_hires_warped.png,119,PKM-xy10-119-NM-F
119_hires,119_hires.png,119,PKM-xy10-119-NM
119_hires,119_hires_warped.png,119,PKM-xy10-119-NM
94_hires,94_hires.png,94,PKM-ex6-94-NM
94_hires,94_hires_warped.png,94,PKM-ex6-94-NM
96_hires,96_hires.png,96,PKM-ex6-96-NM
96_hires,96_hires_warped.png,96,PKM-ex6-96-NM
96_hires,96_hires.png,96,PKM-ex6-96-NM-F
96_hires,96_hires_warped.png,96,PKM-ex6-96-NM-F
97_hires,97_hires.png,97,PKM-ex6-97-NM
97_hires,97_hires_warped.png,97,PKM-ex6-97-NM
98_hires,98_hires.png,98,PKM-ex6-98-NM-F
98_hires,98_hires_warped.png,98,PKM-ex6-98-NM-F
98_hires,98_hires.png,98,PKM-ex6-98-NM
98_hires,98_hires_warped.png,98,PKM-ex6-98-NM
94_hires,94_hires.png,94,PKM-ex6-94-NM-F
94_hires,94_hires_warped.png,94,PKM-ex6-94-NM-F
202_hires,202_hires.png,202,PKM-sv8-202-NM
202_hires,202_hires_warped.png,202,PKM-sv8-202-NM
198_hires,198_hires.png,198,PKM-sv8-198-NM
198_hires,198_hires_warped.png,198,PKM-sv8-198-NM
198_hires,198_hires.png,198,PKM-sv8-198-NM-F
198_hires,198_hires_warped.png,198,PKM-sv8-198-NM-F
100_hires,100_hires.png,100,PKM-ex6-100-NM-F
100_hires,100_hires_warped.png,100,PKM-ex6-100-NM-F
100_hires,100_hires.png,100,PKM-ex6-100-NM
100_hires,100_hires_warped.png,100,PKM-ex6-100-NM
99_hires,99_hires.png,99,PKM-ex6-99-NM-F
99_hires,99_hires_warped.png,99,PKM-ex6-99-NM-F
99_hires,99_hires.png,99,PKM-ex6-99-NM
99_hires,99_hires_warped.png,99,PKM-ex6-99-NM
101_hires,101_hires.png,101,PKM-ex6-101-NM
101_hires,101_hires_warped.png,101,PKM-ex6-101-NM
102_hires,102_hires.png,102,PKM-ex6-102-NM
102_hires,102_hires_warped.png,102,PKM-ex6-102-NM
102_hires,102_hires.png,102,PKM-ex6-102-NM-F
102_hires,102_hires_warped.png,102,PKM-ex6-102-NM-F
101_hires,101_hires.png,101,PKM-ex6-101-NM-F
101_hires,101_hires_warped.png,101,PKM-ex6-101-NM-F
115_hires,115_hires.png,115,PKM-ex6-115-NM-F
115_hires,115_hires_warped.png,115,PKM-ex6-115-NM-F
115_hires,115_hires.png,115,PKM-ex6-115-NM
115_hires,115_hires_warped.png,115,PKM-ex6-115-NM
106_hires,106_hires.png,106,PKM-ex6-106-NM-F
106_hires,106_hires_warped.png,106,PKM-ex6-106-NM-F
106_hires,106_hires.png,106,PKM-ex6-106-NM
106_hires,106_hires_warped.png,106,PKM-ex6-106-NM
105_hires,105_hires.png,105,PKM-xy2-105-NM-F
105_hires,105_hires_warped.png,105,PKM-xy2-105-NM-F
111_hires,111_hires.png,111,PKM-xy12-111-NM-F
111_hires,111_hires_warped.png,111,PKM-xy12-111-NM-F
113_hires,113_hires.png,113,PKM-xy12-113-NM
113_hires,113_hires_warped.png,113,PKM-xy12-113-NM
107_hires,107_hires.png,107,PKM-ex9-107-NM
107_hires,107_hires_warped.png,107,PKM-ex9-107-NM
107_hires,107_hires.png,107,PKM-ex9-107-NM-F
107_hires,107_hires_warped.png,107,PKM-ex9-107-NM-F
102_hires,102_hires.png,102,PKM-ex9-102-NM
102_hires,102_hires_warped.png,102,PKM-ex9-102-NM
102_hires,102_hires.png,102,PKM-ex9-102-NM-F
102_hires,102_hires_warped.png,102,PKM-ex9-102-NM-F
105_hires,105_hires.png,105,PKM-ex9-105-NM
105_hires,105_hires_warped.png,105,PKM-ex9-105-NM
105_hires,105_hires.png,105,PKM-ex9-105-NM-F
105_hires,105_hires_warped.png,105,PKM-ex9-105-NM-F
106_hires,106_hires.png,106,PKM-ex9-106-NM
106_hires,106_hires_warped.png,106,PKM-ex9-106-NM
106_hires,106_hires.png,106,PKM-ex9-106-NM-F
106_hires,106_hires_warped.png,106,PKM-ex9-106-NM-F
104_hires,104_hires.png,104,PKM-ex9-104-NM-F
104_hires,104_hires_warped.png,104,PKM-ex9-104-NM-F
104_hires,104_hires.png,104,PKM-ex9-104-NM
104_hires,104_hires_warped.png,104,PKM-ex9-104-NM
103_hires,103_hires.png,103,PKM-ex9-103-NM
103_hires,103_hires_warped.png,103,PKM-ex9-103-NM
103_hires,103_hires.png,103,PKM-ex9-103-NM-F
103_hires,103_hires_warped.png,103,PKM-ex9-103-NM-F
101_hires,101_hires.png,101,PKM-ex9-101-NM
101_hires,101_hires_warped.png,101,PKM-ex9-101-NM
101_hires,101_hires.png,101,PKM-ex9-101-NM-F
101_hires,101_hires_warped.png,101,PKM-ex9-101-NM-F
105_hires,105_hires.png,105,PKM-bw9-105-NM
105_hires,105_hires_warped.png,105,PKM-bw9-105-NM
16_hires,16_hires.png,16,PKM-swsh11-16-NM-F
16_hires,16_hires_warped.png,16,PKM-swsh11-16-NM-F
91_hires,91_hires.png,91,PKM-ex9-91-NM-F
91_hires,91_hires_warped.png,91,PKM-ex9-91-NM-F
91_hires,91_hires.png,91,PKM-ex9-91-NM
91_hires,91_hires_warped.png,91,PKM-ex9-91-NM
98_hires,98_hires.png,98,PKM-ex9-98-NM
98_hires,98_hires_warped.png,98,PKM-ex9-98-NM
93_hires,93_hires.png,93,PKM-ex9-93-NM-F
93_hires,93_hires_warped.png,93,PKM-ex9-93-NM-F
93_hires,93_hires.png,93,PKM-ex9-93-NM
93_hires,93_hires_warped.png,93,PKM-ex9-93-NM
97_hires,97_hires.png,97,PKM-ex9-97-NM-F
97_hires,97_hires_warped.png,97,PKM-ex9-97-NM-F
97_hires,97_hires.png,97,PKM-ex9-97-NM
97_hires,97_hires_warped.png,97,PKM-ex9-97-NM
208_hires,208_hires.png,208,PKM-sv8-208-NM
208_hires,208_hires_warped.png,208,PKM-sv8-208-NM
208_hires,208_hires.png,208,PKM-sv8-208-NM-F
208_hires,208_hires_warped.png,208,PKM-sv8-208-NM-F
95_hires,95_hires.png,95,PKM-bw9-95-NM
95_hires,95_hires_warped.png,95,PKM-bw9-95-NM
95_hires,95_hires.png,95,PKM-bw9-95-NM-F
95_hires,95_hires_warped.png,95,PKM-bw9-95-NM-F
156_hires,156_hires.png,156,PKM-sv7-156-NM-F
156_hires,156_hires_warped.png,156,PKM-sv7-156-NM-F
207_hires,207_hires.png,207,PKM-sv8-207-NM
207_hires,207_hires_warped.png,207,PKM-sv8-207-NM
207_hires,207_hires.png,207,PKM-sv8-207-NM-F
207_hires,207_hires_warped.png,207,PKM-sv8-207-NM-F
11_hires,11_hires.png,11,PKM-tk2a-11-NM
11_hires,11_hires_warped.png,11,PKM-tk2a-11-NM
205_hires,205_hires.png,205,PKM-sv8-205-NM
205_hires,205_hires_warped.png,205,PKM-sv8-205-NM
205_hires,205_hires.png,205,PKM-sv8-205-NM-F
205_hires,205_hires_warped.png,205,PKM-sv8-205-NM-F
116_hires,116_hires.png,116,PKM-bw9-116-NM
116_hires,116_hires_warped.png,116,PKM-bw9-116-NM
116_hires,116_hires.png,116,PKM-bw9-116-NM-F
116_hires,116_hires_warped.png,116,PKM-bw9-116-NM-F
138_hires,138_hires.png,138,PKM-swsh6-138-NM-F
138_hires,138_hires_warped.png,138,PKM-swsh6-138-NM-F
138_hires,138_hires.png,138,PKM-swsh6-138-NM
138_hires,138_hires_warped.png,138,PKM-swsh6-138-NM
108_hires,108_hires.png,108,PKM-bw9-108-NM-F
108_hires,108_hires_warped.png,108,PKM-bw9-108-NM-F
108_hires,108_hires.png,108,PKM-bw9-108-NM
108_hires,108_hires_warped.png,108,PKM-bw9-108-NM
116_hires,116_hires.png,116,PKM-xy1-116-NM
116_hires,116_hires_warped.png,116,PKM-xy1-116-NM
122_hires,122_hires.png,122,PKM-xy1-122-NM
122_hires,122_hires_warped.png,122,PKM-xy1-122-NM
122_hires,122_hires.png,122,PKM-xy1-122-NM-F
122_hires,122_hires_warped.png,122,PKM-xy1-122-NM-F
RC13_hires,RC13_hires.png,RC13,PKM-g1-RC13-NM-F
RC13_hires,RC13_hires_warped.png,RC13,PKM-g1-RC13-NM-F
124_hires,124_hires.png,124,PKM-xy1-124-NM
124_hires,124_hires_warped.png,124,PKM-xy1-124-NM
124_hires,124_hires.png,124,PKM-xy1-124-NM-F
124_hires,124_hires_warped.png,124,PKM-xy1-124-NM-F
130_hires,130_hires.png,130,PKM-xy1-130-NM
130_hires,130_hires_warped.png,130,PKM-xy1-130-NM
130_hires,130_hires.png,130,PKM-xy1-130-NM-F
130_hires,130_hires_warped.png,130,PKM-xy1-130-NM-F
150_hires,150_hires.png,150,PKM-swsh6-150-NM
150_hires,150_hires_warped.png,150,PKM-swsh6-150-NM
156_hires,156_hires.png,156,PKM-swsh6-156-NM-F
156_hires,156_hires_warped.png,156,PKM-swsh6-156-NM-F
35_hires,35_hires.png,35,PKM-sv8-35-NM-F
35_hires,35_hires_warped.png,35,PKM-sv8-35-NM-F
35_hires,35_hires.png,35,PKM-sv8-35-NM
35_hires,35_hires_warped.png,35,PKM-sv8-35-NM
156_hires,156_hires.png,156,PKM-swsh6-156-NM
156_hires,156_hires_warped.png,156,PKM-swsh6-156-NM
158_hires,158_hires.png,158,PKM-swsh6-158-NM-F
158_hires,158_hires_warped.png,158,PKM-swsh6-158-NM-F
158_hires,158_hires.png,158,PKM-swsh6-158-NM
158_hires,158_hires_warped.png,158,PKM-swsh6-158-NM
130_hires,130_hires.png,130,PKM-swsh6-130-NM-F
130_hires,130_hires_warped.png,130,PKM-swsh6-130-NM-F
130_hires,130_hires.png,130,PKM-swsh6-130-NM
130_hires,130_hires_warped.png,130,PKM-swsh6-130-NM
115_hires,115_hires.png,115,PKM-xy1-115-NM
115_hires,115_hires_warped.png,115,PKM-xy1-115-NM
133_hires,133_hires.png,133,PKM-swsh6-133-NM-F
133_hires,133_hires_warped.png,133,PKM-swsh6-133-NM-F
133_hires,133_hires.png,133,PKM-swsh6-133-NM
133_hires,133_hires_warped.png,133,PKM-swsh6-133-NM
102_hires,102_hires.png,102,PKM-xy1-102-NM
102_hires,102_hires_warped.png,102,PKM-xy1-102-NM
102_hires,102_hires.png,102,PKM-xy1-102-NM-F
102_hires,102_hires_warped.png,102,PKM-xy1-102-NM-F
108_hires,108_hires.png,108,PKM-xy1-108-NM-F
108_hires,108_hires_warped.png,108,PKM-xy1-108-NM-F
108_hires,108_hires.png,108,PKM-xy1-108-NM
108_hires,108_hires_warped.png,108,PKM-xy1-108-NM
113_hires,113_hires.png,113,PKM-xy1-113-NM-F
113_hires,113_hires_warped.png,113,PKM-xy1-113-NM-F
113_hires,113_hires.png,113,PKM-xy1-113-NM
113_hires,113_hires_warped.png,113,PKM-xy1-113-NM
137_hires,137_hires.png,137,PKM-swsh6-137-NM-F
137_hires,137_hires_warped.png,137,PKM-swsh6-137-NM-F
137_hires,137_hires.png,137,PKM-swsh6-137-NM
137_hires,137_hires_warped.png,137,PKM-swsh6-137-NM
52_hires,52_hires.png,52,PKM-sv8-52-NM
52_hires,52_hires_warped.png,52,PKM-sv8-52-NM
69_hires,69_hires.png,69,PKM-sv8-69-NM
69_hires,69_hires_warped.png,69,PKM-sv8-69-NM
59_hires,59_hires.png,59,PKM-sv8-59-NM-F
59_hires,59_hires_warped.png,59,PKM-sv8-59-NM-F
59_hires,59_hires.png,59,PKM-sv8-59-NM
59_hires,59_hires_warped.png,59,PKM-sv8-59-NM
69_hires,69_hires.png,69,PKM-sv8-69-NM-F
69_hires,69_hires_warped.png,69,PKM-sv8-69-NM-F
85_hires,85_hires.png,85,PKM-sv8-85-NM-F
85_hires,85_hires_warped.png,85,PKM-sv8-85-NM-F
85_hires,85_hires.png,85,PKM-sv8-85-NM
85_hires,85_hires_warped.png,85,PKM-sv8-85-NM
88_hires,88_hires.png,88,PKM-sv8-88-NM-F
88_hires,88_hires_warped.png,88,PKM-sv8-88-NM-F
88_hires,88_hires.png,88,PKM-sv8-88-NM
88_hires,88_hires_warped.png,88,PKM-sv8-88-NM
140_hires,140_hires.png,140,PKM-swsh6-140-NM-F
140_hires,140_hires_warped.png,140,PKM-swsh6-140-NM-F
140_hires,140_hires.png,140,PKM-swsh6-140-NM
140_hires,140_hires_warped.png,140,PKM-swsh6-140-NM
146_hires,146_hires.png,146,PKM-swsh6-146-NM
146_hires,146_hires_warped.png,146,PKM-swsh6-146-NM
142_hires,142_hires.png,142,PKM-swsh6-142-NM
142_hires,142_hires_warped.png,142,PKM-swsh6-142-NM
142_hires,142_hires.png,142,PKM-swsh6-142-NM-F
142_hires,142_hires_warped.png,142,PKM-swsh6-142-NM-F
106_hires,106_hires.png,106,PKM-xy1-106-NM
106_hires,106_hires_warped.png,106,PKM-xy1-106-NM
106_hires,106_hires.png,106,PKM-xy1-106-NM-F
106_hires,106_hires_warped.png,106,PKM-xy1-106-NM-F
95_hires,95_hires.png,95,PKM-sv8-95-NM-F
95_hires,95_hires_warped.png,95,PKM-sv8-95-NM-F
95_hires,95_hires.png,95,PKM-sv8-95-NM
95_hires,95_hires_warped.png,95,PKM-sv8-95-NM
240_hires,240_hires.png,240,PKM-sv4-240-NM-F
240_hires,240_hires_warped.png,240,PKM-sv4-240-NM-F
104_hires,104_hires.png,104,PKM-xy1-104-NM
104_hires,104_hires_warped.png,104,PKM-xy1-104-NM
104_hires,104_hires.png,104,PKM-xy1-104-NM-F
104_hires,104_hires_warped.png,104,PKM-xy1-104-NM-F
140_hires,140_hires.png,140,PKM-xy1-140-NM-F
140_hires,140_hires_warped.png,140,PKM-xy1-140-NM-F
240_hires,240_hires.png,240,PKM-sv4-240-NM
240_hires,240_hires_warped.png,240,PKM-sv4-240-NM
138_hires,138_hires.png,138,PKM-xy1-138-NM
138_hires,138_hires_warped.png,138,PKM-xy1-138-NM
138_hires,138_hires.png,138,PKM-xy1-138-NM-F
138_hires,138_hires_warped.png,138,PKM-xy1-138-NM-F
132_hires,132_hires.png,132,PKM-xy1-132-NM
132_hires,132_hires_warped.png,132,PKM-xy1-132-NM
134_hires,134_hires.png,134,PKM-xy1-134-NM
134_hires,134_hires_warped.png,134,PKM-xy1-134-NM
134_hires,134_hires.png,134,PKM-xy1-134-NM-F
134_hires,134_hires_warped.png,134,PKM-xy1-134-NM-F
132_hires,132_hires.png,132,PKM-xy1-132-NM-F
132_hires,132_hires_warped.png,132,PKM-xy1-132-NM-F
139_hires,139_hires.png,139,PKM-xy1-139-NM
139_hires,139_hires_warped.png,139,PKM-xy1-139-NM
139_hires,139_hires.png,139,PKM-xy1-139-NM-F
139_hires,139_hires_warped.png,139,PKM-xy1-139-NM-F
135_hires,135_hires.png,135,PKM-xy1-135-NM-F
135_hires,135_hires_warped.png,135,PKM-xy1-135-NM-F
133_hires,133_hires.png,133,PKM-xy1-133-NM
133_hires,133_hires_warped.png,133,PKM-xy1-133-NM
137_hires,137_hires.png,137,PKM-xy1-137-NM
137_hires,137_hires_warped.png,137,PKM-xy1-137-NM
137_hires,137_hires.png,137,PKM-xy1-137-NM-F
137_hires,137_hires_warped.png,137,PKM-xy1-137-NM-F
136_hires,136_hires.png,136,PKM-xy1-136-NM-F
136_hires,136_hires_warped.png,136,PKM-xy1-136-NM-F
143_hires,143_hires.png,143,PKM-xy1-143-NM-F
143_hires,143_hires_warped.png,143,PKM-xy1-143-NM-F
241_hires,241_hires.png,241,PKM-sv4-241-NM-F
241_hires,241_hires_warped.png,241,PKM-sv4-241-NM-F
241_hires,241_hires.png,241,PKM-sv4-241-NM
241_hires,241_hires_warped.png,241,PKM-sv4-241-NM
102_hires,102_hires.png,102,PKM-ex13-102-NM
102_hires,102_hires_warped.png,102,PKM-ex13-102-NM
102_hires,102_hires.png,102,PKM-ex13-102-NM-F
102_hires,102_hires_warped.png,102,PKM-ex13-102-NM-F
108_hires,108_hires.png,108,PKM-ex13-108-NM-F
108_hires,108_hires_warped.png,108,PKM-ex13-108-NM-F
108_hires,108_hires.png,108,PKM-ex13-108-NM
108_hires,108_hires_warped.png,108,PKM-ex13-108-NM
105_hires,105_hires.png,105,PKM-ex13-105-NM-F
105_hires,105_hires_warped.png,105,PKM-ex13-105-NM-F
105_hires,105_hires.png,105,PKM-ex13-105-NM
105_hires,105_hires_warped.png,105,PKM-ex13-105-NM
106_hires,106_hires.png,106,PKM-ex13-106-NM-F
106_hires,106_hires_warped.png,106,PKM-ex13-106-NM-F
107_hires,107_hires.png,107,PKM-ex13-107-NM
107_hires,107_hires_warped.png,107,PKM-ex13-107-NM
107_hires,107_hires.png,107,PKM-ex13-107-NM-F
107_hires,107_hires_warped.png,107,PKM-ex13-107-NM-F
110_hires,110_hires.png,110,PKM-ex13-110-NM
110_hires,110_hires_warped.png,110,PKM-ex13-110-NM
110_hires,110_hires.png,110,PKM-ex13-110-NM-F
110_hires,110_hires_warped.png,110,PKM-ex13-110-NM-F
106_hires,106_hires.png,106,PKM-ex13-106-NM
106_hires,106_hires_warped.png,106,PKM-ex13-106-NM
86_hires,86_hires.png,86,PKM-dp7-86-NM-F
86_hires,86_hires_warped.png,86,PKM-dp7-86-NM-F
86_hires,86_hires.png,86,PKM-dp7-86-NM
86_hires,86_hires_warped.png,86,PKM-dp7-86-NM
89_hires,89_hires.png,89,PKM-dp7-89-NM-F
89_hires,89_hires_warped.png,89,PKM-dp7-89-NM-F
96_hires,96_hires.png,96,PKM-sv8-96-NM-F
96_hires,96_hires_warped.png,96,PKM-sv8-96-NM-F
96_hires,96_hires.png,96,PKM-sv8-96-NM
96_hires,96_hires_warped.png,96,PKM-sv8-96-NM
139_hires,139_hires.png,139,PKM-sv8-139-NM-F
139_hires,139_hires_warped.png,139,PKM-sv8-139-NM-F
139_hires,139_hires.png,139,PKM-sv8-139-NM
139_hires,139_hires_warped.png,139,PKM-sv8-139-NM
95_hires,95_hires.png,95,PKM-dp7-95-NM
95_hires,95_hires_warped.png,95,PKM-dp7-95-NM
95_hires,95_hires.png,95,PKM-dp7-95-NM-F
95_hires,95_hires_warped.png,95,PKM-dp7-95-NM-F
89_hires,89_hires.png,89,PKM-dp7-89-NM
89_hires,89_hires_warped.png,89,PKM-dp7-89-NM
91_hires,91_hires.png,91,PKM-dp7-91-NM-F
91_hires,91_hires_warped.png,91,PKM-dp7-91-NM-F
91_hires,91_hires.png,91,PKM-dp7-91-NM
91_hires,91_hires_warped.png,91,PKM-dp7-91-NM
94_hires,94_hires.png,94,PKM-dp7-94-NM-F
94_hires,94_hires_warped.png,94,PKM-dp7-94-NM-F
94_hires,94_hires.png,94,PKM-dp7-94-NM
94_hires,94_hires_warped.png,94,PKM-dp7-94-NM
137_hires,137_hires.png,137,PKM-sv8-137-NM-F
137_hires,137_hires_warped.png,137,PKM-sv8-137-NM-F
137_hires,137_hires.png,137,PKM-sv8-137-NM
137_hires,137_hires_warped.png,137,PKM-sv8-137-NM
SH1_hires,SH1_hires.png,SH1,PKM-dp7-SH1-NM-F
SH1_hires,SH1_hires_warped.png,SH1,PKM-dp7-SH1-NM-F
SH1_hires,SH1_hires.png,SH1,PKM-dp7-SH1-NM
SH1_hires,SH1_hires_warped.png,SH1,PKM-dp7-SH1-NM
180_hires,180_hires.png,180,PKM-sv8-180-NM-F
180_hires,180_hires_warped.png,180,PKM-sv8-180-NM-F
180_hires,180_hires.png,180,PKM-sv8-180-NM
180_hires,180_hires_warped.png,180,PKM-sv8-180-NM
132_hires,132_hires.png,132,PKM-swsh6-132-NM
132_hires,132_hires_warped.png,132,PKM-swsh6-132-NM
14_hires,14_hires.png,14,PKM-sv8-14-NM-F
14_hires,14_hires_warped.png,14,PKM-sv8-14-NM-F
14_hires,14_hires.png,14,PKM-sv8-14-NM
14_hires,14_hires_warped.png,14,PKM-sv8-14-NM
31_hires,31_hires.png,31,PKM-sv8-31-NM-F
31_hires,31_hires_warped.png,31,PKM-sv8-31-NM-F
31_hires,31_hires.png,31,PKM-sv8-31-NM
31_hires,31_hires_warped.png,31,PKM-sv8-31-NM
46_hires,46_hires.png,46,PKM-swsh11-46-NM-F
46_hires,46_hires_warped.png,46,PKM-swsh11-46-NM-F
60_hires,60_hires.png,60,PKM-swsh6-60-NM
60_hires,60_hires_warped.png,60,PKM-swsh6-60-NM
60_hires,60_hires.png,60,PKM-swsh6-60-NM-F
60_hires,60_hires_warped.png,60,PKM-swsh6-60-NM-F
2_hires,2_hires.png,2,PKM-swsh6-2-NM-F
2_hires,2_hires_warped.png,2,PKM-swsh6-2-NM-F
92_hires,92_hires.png,92,PKM-dp7-92-NM-F
92_hires,92_hires_warped.png,92,PKM-dp7-92-NM-F
93_hires,93_hires.png,93,PKM-dp7-93-NM-F
93_hires,93_hires_warped.png,93,PKM-dp7-93-NM-F
93_hires,93_hires.png,93,PKM-dp7-93-NM
93_hires,93_hires_warped.png,93,PKM-dp7-93-NM
2_hires,2_hires.png,2,PKM-swsh6-2-NM
2_hires,2_hires_warped.png,2,PKM-swsh6-2-NM
102_hires,102_hires.png,102,PKM-hgss1-102-NM-F
102_hires,102_hires_warped.png,102,PKM-hgss1-102-NM-F
117_hires,117_hires.png,117,PKM-hgss1-117-NM-F
117_hires,117_hires_warped.png,117,PKM-hgss1-117-NM-F
120_hires,120_hires.png,120,PKM-hgss1-120-NM
120_hires,120_hires_warped.png,120,PKM-hgss1-120-NM
117_hires,117_hires.png,117,PKM-hgss1-117-NM
117_hires,117_hires_warped.png,117,PKM-hgss1-117-NM
116_hires,116_hires.png,116,PKM-hgss1-116-NM-F
116_hires,116_hires_warped.png,116,PKM-hgss1-116-NM-F
116_hires,116_hires.png,116,PKM-hgss1-116-NM
116_hires,116_hires_warped.png,116,PKM-hgss1-116-NM
5_hires,5_hires.png,5,PKM-swsh6-5-NM-F
5_hires,5_hires_warped.png,5,PKM-swsh6-5-NM-F
5_hires,5_hires.png,5,PKM-swsh6-5-NM
5_hires,5_hires_warped.png,5,PKM-swsh6-5-NM
118_hires,118_hires.png,118,PKM-hgss1-118-NM-F
118_hires,118_hires_warped.png,118,PKM-hgss1-118-NM-F
119_hires,119_hires.png,119,PKM-hgss1-119-NM-F
119_hires,119_hires_warped.png,119,PKM-hgss1-119-NM-F
119_hires,119_hires.png,119,PKM-hgss1-119-NM
119_hires,119_hires_warped.png,119,PKM-hgss1-119-NM
153_hires,153_hires.png,153,PKM-swsh6-153-NM
153_hires,153_hires_warped.png,153,PKM-swsh6-153-NM
153_hires,153_hires.png,153,PKM-swsh6-153-NM-F
153_hires,153_hires_warped.png,153,PKM-swsh6-153-NM-F
121_hires,121_hires.png,121,PKM-hgss1-121-NM-F
121_hires,121_hires_warped.png,121,PKM-hgss1-121-NM-F
121_hires,121_hires.png,121,PKM-hgss1-121-NM
121_hires,121_hires_warped.png,121,PKM-hgss1-121-NM
120_hires,120_hires.png,120,PKM-hgss1-120-NM-F
120_hires,120_hires_warped.png,120,PKM-hgss1-120-NM-F
122_hires,122_hires.png,122,PKM-hgss1-122-NM-F
122_hires,122_hires_warped.png,122,PKM-hgss1-122-NM-F
122_hires,122_hires.png,122,PKM-hgss1-122-NM
122_hires,122_hires_warped.png,122,PKM-hgss1-122-NM
115_hires,115_hires.png,115,PKM-hgss1-115-NM-F
115_hires,115_hires_warped.png,115,PKM-hgss1-115-NM-F
115_hires,115_hires.png,115,PKM-hgss1-115-NM
115_hires,115_hires_warped.png,115,PKM-hgss1-115-NM
ONE_hires,ONE_hires.png,ONE,PKM-hgss1-ONE-NM
ONE_hires,ONE_hires_warped.png,ONE,PKM-hgss1-ONE-NM
ONE_hires,ONE_hires.png,ONE,PKM-hgss1-ONE-NM-F
ONE_hires,ONE_hires_warped.png,ONE,PKM-hgss1-ONE-NM-F
RC15_hires,RC15_hires.png,RC15,PKM-g1-RC15-NM
RC15_hires,RC15_hires_warped.png,RC15,PKM-g1-RC15-NM
RC20_hires,RC20_hires.png,RC20,PKM-g1-RC20-NM-F
RC20_hires,RC20_hires_warped.png,RC20,PKM-g1-RC20-NM-F
RC20_hires,RC20_hires.png,RC20,PKM-g1-RC20-NM
RC20_hires,RC20_hires_warped.png,RC20,PKM-g1-RC20-NM
RC8_hires,RC8_hires.png,RC8,PKM-g1-RC8-NM-F
RC8_hires,RC8_hires_warped.png,RC8,PKM-g1-RC8-NM-F
RC8_hires,RC8_hires.png,RC8,PKM-g1-RC8-NM
RC8_hires,RC8_hires_warped.png,RC8,PKM-g1-RC8-NM
RC22_hires,RC22_hires.png,RC22,PKM-g1-RC22-NM-F
RC22_hires,RC22_hires_warped.png,RC22,PKM-g1-RC22-NM-F
83_hires,83_hires.png,83,PKM-sv8-83-NM-F
83_hires,83_hires_warped.png,83,PKM-sv8-83-NM-F
83_hires,83_hires.png,83,PKM-sv8-83-NM
83_hires,83_hires_warped.png,83,PKM-sv8-83-NM
132_hires,132_hires.png,132,PKM-sv8-132-NM-F
132_hires,132_hires_warped.png,132,PKM-sv8-132-NM-F
132_hires,132_hires.png,132,PKM-sv8-132-NM
132_hires,132_hires_warped.png,132,PKM-sv8-132-NM
139_hires,139_hires.png,139,PKM-swsh6-139-NM
139_hires,139_hires_warped.png,139,PKM-swsh6-139-NM
139_hires,139_hires.png,139,PKM-swsh6-139-NM-F
139_hires,139_hires_warped.png,139,PKM-swsh6-139-NM-F
46_hires,46_hires.png,46,PKM-swsh11-46-NM
46_hires,46_hires_warped.png,46,PKM-swsh11-46-NM
141_hires,141_hires.png,141,PKM-sv8-141-NM
141_hires,141_hires_warped.png,141,PKM-sv8-141-NM
135_hires,135_hires.png,135,PKM-sv8-135-NM-F
135_hires,135_hires_warped.png,135,PKM-sv8-135-NM-F
117_hires,117_hires.png,117,PKM-sv7-117-NM-F
117_hires,117_hires_warped.png,117,PKM-sv7-117-NM-F
117_hires,117_hires.png,117,PKM-sv7-117-NM
117_hires,117_hires_warped.png,117,PKM-sv7-117-NM
118_hires,118_hires.png,118,PKM-sv7-118-NM-F
118_hires,118_hires_warped.png,118,PKM-sv7-118-NM-F
118_hires,118_hires.png,118,PKM-sv7-118-NM
118_hires,118_hires_warped.png,118,PKM-sv7-118-NM
112_hires,112_hires.png,112,PKM-sv7-112-NM-F
112_hires,112_hires_warped.png,112,PKM-sv7-112-NM-F
112_hires,112_hires.png,112,PKM-sv7-112-NM
112_hires,112_hires_warped.png,112,PKM-sv7-112-NM
113_hires,113_hires.png,113,PKM-sv7-113-NM-F
113_hires,113_hires_warped.png,113,PKM-sv7-113-NM-F
114_hires,114_hires.png,114,PKM-sv7-114-NM-F
114_hires,114_hires_warped.png,114,PKM-sv7-114-NM-F
114_hires,114_hires.png,114,PKM-sv7-114-NM
114_hires,114_hires_warped.png,114,PKM-sv7-114-NM
121_hires,121_hires.png,121,PKM-sv7-121-NM-F
121_hires,121_hires_warped.png,121,PKM-sv7-121-NM-F
121_hires,121_hires.png,121,PKM-sv7-121-NM
121_hires,121_hires_warped.png,121,PKM-sv7-121-NM
122_hires,122_hires.png,122,PKM-sv7-122-NM-F
122_hires,122_hires_warped.png,122,PKM-sv7-122-NM-F
122_hires,122_hires.png,122,PKM-sv7-122-NM
122_hires,122_hires_warped.png,122,PKM-sv7-122-NM
XY140_hires,XY140_hires.png,XY140,PKM-xyp-XY140-NM
XY140_hires,XY140_hires_warped.png,XY140,PKM-xyp-XY140-NM
XY140_hires,XY140_hires.png,XY140,PKM-xyp-XY140-NM-F
XY140_hires,XY140_hires_warped.png,XY140,PKM-xyp-XY140-NM-F
25_hires,25_hires.png,25,PKM-swsh45-25-NM
25_hires,25_hires_warped.png,25,PKM-swsh45-25-NM
22_hires,22_hires.png,22,PKM-swsh45-22-NM
22_hires,22_hires_warped.png,22,PKM-swsh45-22-NM
124_hires,124_hires.png,124,PKM-sv7-124-NM-F
124_hires,124_hires_warped.png,124,PKM-sv7-124-NM-F
124_hires,124_hires.png,124,PKM-sv7-124-NM
124_hires,124_hires_warped.png,124,PKM-sv7-124-NM
126_hires,126_hires.png,126,PKM-sv7-126-NM-F
126_hires,126_hires_warped.png,126,PKM-sv7-126-NM-F
126_hires,126_hires.png,126,PKM-sv7-126-NM
126_hires,126_hires_warped.png,126,PKM-sv7-126-NM
127_hires,127_hires.png,127,PKM-sv7-127-NM-F
127_hires,127_hires_warped.png,127,PKM-sv7-127-NM-F
127_hires,127_hires.png,127,PKM-sv7-127-NM
127_hires,127_hires_warped.png,127,PKM-sv7-127-NM
15_hires,15_hires.png,15,PKM-sv7-15-NM-F
15_hires,15_hires_warped.png,15,PKM-sv7-15-NM-F
15_hires,15_hires.png,15,PKM-sv7-15-NM
15_hires,15_hires_warped.png,15,PKM-sv7-15-NM
5_hires,5_hires.png,5,PKM-sv7-5-NM
5_hires,5_hires_warped.png,5,PKM-sv7-5-NM
2_hires,2_hires.png,2,PKM-sv7-2-NM-F
2_hires,2_hires_warped.png,2,PKM-sv7-2-NM-F
2_hires,2_hires.png,2,PKM-sv7-2-NM
2_hires,2_hires_warped.png,2,PKM-sv7-2-NM
7_hires,7_hires.png,7,PKM-sv7-7-NM-F
7_hires,7_hires_warped.png,7,PKM-sv7-7-NM-F
7_hires,7_hires.png,7,PKM-sv7-7-NM
7_hires,7_hires_warped.png,7,PKM-sv7-7-NM
41_hires,41_hires.png,41,PKM-swsh45-41-NM-F
41_hires,41_hires_warped.png,41,PKM-swsh45-41-NM-F
31_hires,31_hires.png,31,PKM-swsh45-31-NM-F
31_hires,31_hires_warped.png,31,PKM-swsh45-31-NM-F
20_hires,20_hires.png,20,PKM-swsh45-20-NM
20_hires,20_hires_warped.png,20,PKM-swsh45-20-NM
20_hires,20_hires.png,20,PKM-swsh45-20-NM-F
20_hires,20_hires_warped.png,20,PKM-swsh45-20-NM-F
29_hires,29_hires.png,29,PKM-sv7-29-NM-F
29_hires,29_hires_warped.png,29,PKM-sv7-29-NM-F
29_hires,29_hires.png,29,PKM-sv7-29-NM
29_hires,29_hires_warped.png,29,PKM-sv7-29-NM
33_hires,33_hires.png,33,PKM-sv7-33-NM-F
33_hires,33_hires_warped.png,33,PKM-sv7-33-NM-F
33_hires,33_hires.png,33,PKM-sv7-33-NM
33_hires,33_hires_warped.png,33,PKM-sv7-33-NM
41_hires,41_hires.png,41,PKM-swsh45-41-NM
41_hires,41_hires_warped.png,41,PKM-swsh45-41-NM
39_hires,39_hires.png,39,PKM-sv7-39-NM-F
39_hires,39_hires_warped.png,39,PKM-sv7-39-NM-F
39_hires,39_hires.png,39,PKM-sv7-39-NM
39_hires,39_hires_warped.png,39,PKM-sv7-39-NM
43_hires,43_hires.png,43,PKM-sv7-43-NM-F
43_hires,43_hires_warped.png,43,PKM-sv7-43-NM-F
43_hires,43_hires.png,43,PKM-sv7-43-NM
43_hires,43_hires_warped.png,43,PKM-sv7-43-NM
101_hires,101_hires.png,101,PKM-sm7-101-NM-F
101_hires,101_hires_warped.png,101,PKM-sm7-101-NM-F
103_hires,103_hires.png,103,PKM-sm7-103-NM
103_hires,103_hires_warped.png,103,PKM-sm7-103-NM
103_hires,103_hires.png,103,PKM-sm7-103-NM-F
103_hires,103_hires_warped.png,103,PKM-sm7-103-NM-F
52_hires,52_hires.png,52,PKM-sv7-52-NM-F
52_hires,52_hires_warped.png,52,PKM-sv7-52-NM-F
52_hires,52_hires.png,52,PKM-sv7-52-NM
52_hires,52_hires_warped.png,52,PKM-sv7-52-NM
68_hires,68_hires.png,68,PKM-sv7-68-NM-F
68_hires,68_hires_warped.png,68,PKM-sv7-68-NM-F
68_hires,68_hires.png,68,PKM-sv7-68-NM
68_hires,68_hires_warped.png,68,PKM-sv7-68-NM
77_hires,77_hires.png,77,PKM-sv7-77-NM-F
77_hires,77_hires_warped.png,77,PKM-sv7-77-NM-F
77_hires,77_hires.png,77,PKM-sv7-77-NM
77_hires,77_hires_warped.png,77,PKM-sv7-77-NM
